model,set,pair,wording,a,b,source,n_readings_per_order,p_a_forward_readings,p_a_reverse_readings,p_a_forward_median,p_a_reverse_median,choice_probability_a,measurable,selected,captured_mass
Llama-3.1-405B,constructed,d1_F-A-D_a|d1_F-A-P_a,a,d1_F-A-D_a,d1_F-A-P_a,NDIF,1,0.9999,0.9820,0.9999,0.9820,0.9910,1,d1_F-A-D_a,1.0000
Llama-3.1-405B,constructed,d1_F-A-D_b|d1_F-A-P_b,b,d1_F-A-D_b,d1_F-A-P_b,NDIF,1,0.9999,0.9241,0.9999,0.9241,0.9620,1,d1_F-A-D_b,1.0000
Llama-3.1-405B,constructed,d1_F-A-D_c|d1_F-A-P_c,c,d1_F-A-D_c,d1_F-A-P_c,NDIF,1,0.9999,0.9924,0.9999,0.9924,0.9962,1,d1_F-A-D_c,1.0000
Llama-3.1-405B,constructed,d1_F-A-N_a|d1_F-A-D_a,a,d1_F-A-N_a,d1_F-A-D_a,NDIF,1,0.5927,0.0000,0.5927,0.0000,,0,,1.0000
Llama-3.1-405B,constructed,d1_F-A-N_a|d1_F-A-P_a,a,d1_F-A-N_a,d1_F-A-P_a,NDIF,1,0.9669,0.0000,0.9669,0.0000,,0,,1.0000
Llama-3.1-405B,constructed,d1_F-A-N_b|d1_F-A-D_b,b,d1_F-A-N_b,d1_F-A-D_b,NDIF,1,0.0675,0.0000,0.0675,0.0000,0.0338,1,d1_F-A-D_b,1.0000
Llama-3.1-405B,constructed,d1_F-A-N_b|d1_F-A-P_b,b,d1_F-A-N_b,d1_F-A-P_b,NDIF,1,0.9903,0.0000,0.9903,0.0000,,0,,1.0000
Llama-3.1-405B,constructed,d1_F-A-N_c|d1_F-A-D_c,c,d1_F-A-N_c,d1_F-A-D_c,NDIF,1,0.8520,0.0000,0.8520,0.0000,,0,,1.0000
Llama-3.1-405B,constructed,d1_F-A-N_c|d1_F-A-P_c,c,d1_F-A-N_c,d1_F-A-P_c,NDIF,1,0.9954,0.0000,0.9954,0.0000,,0,,1.0000
Llama-3.1-405B,constructed,d1_F-L-D_a|d1_F-A-D_a,a,d1_F-L-D_a,d1_F-A-D_a,NDIF,1,0.0000,0.0124,0.0000,0.0124,0.0062,1,d1_F-A-D_a,1.0000
Llama-3.1-405B,constructed,d1_F-L-D_a|d1_F-A-N_a,a,d1_F-L-D_a,d1_F-A-N_a,NDIF,1,0.1480,0.9914,0.1480,0.9914,,0,,1.0000
Llama-3.1-405B,constructed,d1_F-L-D_a|d1_F-A-P_a,a,d1_F-L-D_a,d1_F-A-P_a,NDIF,1,0.0002,0.9890,0.0002,0.9890,,0,,1.0000
Llama-3.1-405B,constructed,d1_F-L-D_a|d1_F-L-P_a,a,d1_F-L-D_a,d1_F-L-P_a,NDIF,1,0.9526,0.9997,0.9526,0.9997,0.9761,1,d1_F-L-D_a,0.9999
Llama-3.1-405B,constructed,d1_F-L-D_b|d1_F-A-D_b,b,d1_F-L-D_b,d1_F-A-D_b,NDIF,1,0.0000,0.9983,0.0000,0.9983,,0,,1.0000
Llama-3.1-405B,constructed,d1_F-L-D_b|d1_F-A-N_b,b,d1_F-L-D_b,d1_F-A-N_b,NDIF,1,0.0067,0.9999,0.0067,0.9999,,0,,1.0000
Llama-3.1-405B,constructed,d1_F-L-D_b|d1_F-A-P_b,b,d1_F-L-D_b,d1_F-A-P_b,NDIF,1,0.0000,0.9996,0.0000,0.9996,,0,,1.0000
Llama-3.1-405B,constructed,d1_F-L-D_b|d1_F-L-P_b,b,d1_F-L-D_b,d1_F-L-P_b,NDIF,1,0.9998,0.9999,0.9998,0.9999,0.9999,1,d1_F-L-D_b,1.0000
Llama-3.1-405B,constructed,d1_F-L-D_c|d1_F-A-D_c,c,d1_F-L-D_c,d1_F-A-D_c,NDIF,1,0.0001,0.1192,0.0001,0.1192,0.0596,1,d1_F-A-D_c,0.9999
Llama-3.1-405B,constructed,d1_F-L-D_c|d1_F-A-N_c,c,d1_F-L-D_c,d1_F-A-N_c,NDIF,1,0.0675,0.9399,0.0675,0.9399,,0,,1.0000
Llama-3.1-405B,constructed,d1_F-L-D_c|d1_F-A-P_c,c,d1_F-L-D_c,d1_F-A-P_c,NDIF,1,0.0002,0.9876,0.0002,0.9876,,0,,1.0000
Llama-3.1-405B,constructed,d1_F-L-D_c|d1_F-L-P_c,c,d1_F-L-D_c,d1_F-L-P_c,NDIF,1,0.5000,0.9994,0.5000,0.9994,,0,,0.9975
Llama-3.1-405B,constructed,d1_F-L-N_a|d1_F-A-D_a,a,d1_F-L-N_a,d1_F-A-D_a,NDIF,1,0.0000,0.0001,0.0000,0.0001,0.0001,1,d1_F-A-D_a,1.0000
Llama-3.1-405B,constructed,d1_F-L-N_a|d1_F-A-N_a,a,d1_F-L-N_a,d1_F-A-N_a,NDIF,1,0.0001,0.0159,0.0001,0.0159,0.0080,1,d1_F-A-N_a,1.0000
Llama-3.1-405B,constructed,d1_F-L-N_a|d1_F-A-P_a,a,d1_F-L-N_a,d1_F-A-P_a,NDIF,1,0.0000,0.0022,0.0000,0.0022,0.0011,1,d1_F-A-P_a,1.0000
Llama-3.1-405B,constructed,d1_F-L-N_a|d1_F-L-D_a,a,d1_F-L-N_a,d1_F-L-D_a,NDIF,1,0.0001,0.0001,0.0001,0.0001,0.0001,1,d1_F-L-D_a,1.0000
Llama-3.1-405B,constructed,d1_F-L-N_a|d1_F-L-P_a,a,d1_F-L-N_a,d1_F-L-P_a,NDIF,1,0.0851,0.0851,0.0851,0.0851,0.0851,1,d1_F-L-P_a,0.9999
Llama-3.1-405B,constructed,d1_F-L-N_b|d1_F-A-D_b,b,d1_F-L-N_b,d1_F-A-D_b,NDIF,1,0.0000,0.0000,0.0000,0.0000,0.0000,1,d1_F-A-D_b,1.0000
Llama-3.1-405B,constructed,d1_F-L-N_b|d1_F-A-N_b,b,d1_F-L-N_b,d1_F-A-N_b,NDIF,1,0.0000,0.0017,0.0000,0.0017,0.0009,1,d1_F-A-N_b,1.0000
Llama-3.1-405B,constructed,d1_F-L-N_b|d1_F-A-P_b,b,d1_F-L-N_b,d1_F-A-P_b,NDIF,1,0.0000,0.0001,0.0000,0.0001,0.0000,1,d1_F-A-P_b,1.0000
Llama-3.1-405B,constructed,d1_F-L-N_b|d1_F-L-D_b,b,d1_F-L-N_b,d1_F-L-D_b,NDIF,1,0.0000,0.0002,0.0000,0.0002,0.0001,1,d1_F-L-D_b,1.0000
Llama-3.1-405B,constructed,d1_F-L-N_b|d1_F-L-P_b,b,d1_F-L-N_b,d1_F-L-P_b,NDIF,1,0.8355,0.9627,0.8355,0.9627,0.8991,1,d1_F-L-N_b,1.0000
Llama-3.1-405B,constructed,d1_F-L-N_c|d1_F-A-D_c,c,d1_F-L-N_c,d1_F-A-D_c,NDIF,1,0.0000,0.0001,0.0000,0.0001,0.0001,1,d1_F-A-D_c,1.0000
Llama-3.1-405B,constructed,d1_F-L-N_c|d1_F-A-N_c,c,d1_F-L-N_c,d1_F-A-N_c,NDIF,1,0.0006,0.0293,0.0006,0.0293,0.0149,1,d1_F-A-N_c,1.0000
Llama-3.1-405B,constructed,d1_F-L-N_c|d1_F-A-P_c,c,d1_F-L-N_c,d1_F-A-P_c,NDIF,1,0.0000,0.0017,0.0000,0.0017,0.0009,1,d1_F-A-P_c,1.0000
Llama-3.1-405B,constructed,d1_F-L-N_c|d1_F-L-D_c,c,d1_F-L-N_c,d1_F-L-D_c,NDIF,1,0.0003,0.0006,0.0003,0.0006,0.0004,1,d1_F-L-D_c,1.0000
Llama-3.1-405B,constructed,d1_F-L-N_c|d1_F-L-P_c,c,d1_F-L-N_c,d1_F-L-P_c,NDIF,1,0.0141,0.0474,0.0141,0.0474,0.0307,1,d1_F-L-P_c,1.0000
Llama-3.1-405B,constructed,d1_F-L-P_a|d1_F-A-D_a,a,d1_F-L-P_a,d1_F-A-D_a,NDIF,1,0.0000,0.0003,0.0000,0.0003,0.0001,1,d1_F-A-D_a,1.0000
Llama-3.1-405B,constructed,d1_F-L-P_a|d1_F-A-N_a,a,d1_F-L-P_a,d1_F-A-N_a,NDIF,1,0.0076,0.0953,0.0076,0.0953,0.0515,1,d1_F-A-N_a,1.0000
Llama-3.1-405B,constructed,d1_F-L-P_a|d1_F-A-P_a,a,d1_F-L-P_a,d1_F-A-P_a,NDIF,1,0.0000,0.1067,0.0000,0.1067,0.0534,1,d1_F-A-P_a,0.9988
Llama-3.1-405B,constructed,d1_F-L-P_b|d1_F-A-D_b,b,d1_F-L-P_b,d1_F-A-D_b,NDIF,1,0.0000,0.0001,0.0000,0.0001,0.0000,1,d1_F-A-D_b,1.0000
Llama-3.1-405B,constructed,d1_F-L-P_b|d1_F-A-N_b,b,d1_F-L-P_b,d1_F-A-N_b,NDIF,1,0.0001,0.0180,0.0001,0.0180,0.0090,1,d1_F-A-N_b,1.0000
Llama-3.1-405B,constructed,d1_F-L-P_b|d1_F-A-P_b,b,d1_F-L-P_b,d1_F-A-P_b,NDIF,1,0.0000,0.0015,0.0000,0.0015,0.0008,1,d1_F-A-P_b,1.0000
Llama-3.1-405B,constructed,d1_F-L-P_c|d1_F-A-D_c,c,d1_F-L-P_c,d1_F-A-D_c,NDIF,1,0.0000,0.0009,0.0000,0.0009,0.0005,1,d1_F-A-D_c,1.0000
Llama-3.1-405B,constructed,d1_F-L-P_c|d1_F-A-N_c,c,d1_F-L-P_c,d1_F-A-N_c,NDIF,1,0.0293,0.8670,0.0293,0.8670,,0,,1.0000
Llama-3.1-405B,constructed,d1_F-L-P_c|d1_F-A-P_c,c,d1_F-L-P_c,d1_F-A-P_c,NDIF,1,0.0000,0.5312,0.0000,0.5312,,0,,0.9949
Llama-3.1-405B,constructed,d1_F-SS-D_a|d1_F-A-D_a,a,d1_F-SS-D_a,d1_F-A-D_a,NDIF,1,0.0000,0.0001,0.0000,0.0001,0.0000,1,d1_F-A-D_a,1.0000
Llama-3.1-405B,constructed,d1_F-SS-D_a|d1_F-A-N_a,a,d1_F-SS-D_a,d1_F-A-N_a,NDIF,1,0.0004,0.0006,0.0004,0.0006,0.0005,1,d1_F-A-N_a,1.0000
Llama-3.1-405B,constructed,d1_F-SS-D_a|d1_F-A-P_a,a,d1_F-SS-D_a,d1_F-A-P_a,NDIF,1,0.0000,0.0004,0.0000,0.0004,0.0002,1,d1_F-A-P_a,1.0000
Llama-3.1-405B,constructed,d1_F-SS-D_a|d1_F-L-D_a,a,d1_F-SS-D_a,d1_F-L-D_a,NDIF,1,0.0086,0.0601,0.0086,0.0601,0.0343,1,d1_F-L-D_a,0.9987
Llama-3.1-405B,constructed,d1_F-SS-D_a|d1_F-L-N_a,a,d1_F-SS-D_a,d1_F-L-N_a,NDIF,1,0.0953,0.9981,0.0953,0.9981,,0,,1.0000
Llama-3.1-405B,constructed,d1_F-SS-D_a|d1_F-L-P_a,a,d1_F-SS-D_a,d1_F-L-P_a,NDIF,1,0.0036,0.9876,0.0036,0.9876,,0,,1.0000
Llama-3.1-405B,constructed,d1_F-SS-D_a|d1_F-SS-P_a,a,d1_F-SS-D_a,d1_F-SS-P_a,NDIF,1,0.0012,0.9987,0.0012,0.9987,,0,,1.0000
Llama-3.1-405B,constructed,d1_F-SS-D_b|d1_F-A-D_b,b,d1_F-SS-D_b,d1_F-A-D_b,NDIF,1,0.0000,0.0000,0.0000,0.0000,0.0000,1,d1_F-A-D_b,1.0000
Llama-3.1-405B,constructed,d1_F-SS-D_b|d1_F-A-N_b,b,d1_F-SS-D_b,d1_F-A-N_b,NDIF,1,0.0000,0.0001,0.0000,0.0001,0.0001,1,d1_F-A-N_b,1.0000
Llama-3.1-405B,constructed,d1_F-SS-D_b|d1_F-A-P_b,b,d1_F-SS-D_b,d1_F-A-P_b,NDIF,1,0.0000,0.0000,0.0000,0.0000,0.0000,1,d1_F-A-P_b,1.0000
Llama-3.1-405B,constructed,d1_F-SS-D_b|d1_F-L-D_b,b,d1_F-SS-D_b,d1_F-L-D_b,NDIF,1,0.0000,0.0601,0.0000,0.0601,0.0300,1,d1_F-L-D_b,0.9937
Llama-3.1-405B,constructed,d1_F-SS-D_b|d1_F-L-N_b,b,d1_F-SS-D_b,d1_F-L-N_b,NDIF,1,0.0059,0.9998,0.0059,0.9998,,0,,1.0000
Llama-3.1-405B,constructed,d1_F-SS-D_b|d1_F-L-P_b,b,d1_F-SS-D_b,d1_F-L-P_b,NDIF,1,0.0851,0.9992,0.0851,0.9992,,0,,1.0000
Llama-3.1-405B,constructed,d1_F-SS-D_b|d1_F-SS-P_b,b,d1_F-SS-D_b,d1_F-SS-P_b,NDIF,1,0.0041,0.9992,0.0041,0.9992,,0,,1.0000
Llama-3.1-405B,constructed,d1_F-SS-D_c|d1_F-A-D_c,c,d1_F-SS-D_c,d1_F-A-D_c,NDIF,1,0.0000,0.0001,0.0000,0.0001,0.0001,1,d1_F-A-D_c,1.0000
Llama-3.1-405B,constructed,d1_F-SS-D_c|d1_F-A-N_c,c,d1_F-SS-D_c,d1_F-A-N_c,NDIF,1,0.0036,0.0046,0.0036,0.0046,0.0041,1,d1_F-A-N_c,1.0000
Llama-3.1-405B,constructed,d1_F-SS-D_c|d1_F-A-P_c,c,d1_F-SS-D_c,d1_F-A-P_c,NDIF,1,0.0000,0.0230,0.0000,0.0230,0.0115,1,d1_F-A-P_c,1.0000
Llama-3.1-405B,constructed,d1_F-SS-D_c|d1_F-L-D_c,c,d1_F-SS-D_c,d1_F-L-D_c,NDIF,1,0.0421,0.7773,0.0421,0.7773,,0,,0.9966
Llama-3.1-405B,constructed,d1_F-SS-D_c|d1_F-L-N_c,c,d1_F-SS-D_c,d1_F-L-N_c,NDIF,1,0.4073,0.9933,0.4073,0.9933,,0,,0.9999
Llama-3.1-405B,constructed,d1_F-SS-D_c|d1_F-L-P_c,c,d1_F-SS-D_c,d1_F-L-P_c,NDIF,1,0.0230,0.9903,0.0230,0.9903,,0,,0.9999
Llama-3.1-405B,constructed,d1_F-SS-D_c|d1_F-SS-P_c,c,d1_F-SS-D_c,d1_F-SS-P_c,NDIF,1,0.0004,0.9890,0.0004,0.9890,,0,,1.0000
Llama-3.1-405B,constructed,d1_F-SS-N_a|d1_F-A-D_a,a,d1_F-SS-N_a,d1_F-A-D_a,NDIF,1,0.0000,0.0000,0.0000,0.0000,0.0000,1,d1_F-A-D_a,1.0000
Llama-3.1-405B,constructed,d1_F-SS-N_a|d1_F-A-N_a,a,d1_F-SS-N_a,d1_F-A-N_a,NDIF,1,0.0001,0.0000,0.0001,0.0000,0.0001,1,d1_F-A-N_a,1.0000
Llama-3.1-405B,constructed,d1_F-SS-N_a|d1_F-A-P_a,a,d1_F-SS-N_a,d1_F-A-P_a,NDIF,1,0.0000,0.0000,0.0000,0.0000,0.0000,1,d1_F-A-P_a,1.0000
Llama-3.1-405B,constructed,d1_F-SS-N_a|d1_F-L-D_a,a,d1_F-SS-N_a,d1_F-L-D_a,NDIF,1,0.0000,0.0001,0.0000,0.0001,0.0001,1,d1_F-L-D_a,1.0000
Llama-3.1-405B,constructed,d1_F-SS-N_a|d1_F-L-N_a,a,d1_F-SS-N_a,d1_F-L-N_a,NDIF,1,0.1824,0.1645,0.1824,0.1645,0.1735,1,d1_F-L-N_a,0.9999
Llama-3.1-405B,constructed,d1_F-SS-N_a|d1_F-L-P_a,a,d1_F-SS-N_a,d1_F-L-P_a,NDIF,1,0.0001,0.3775,0.0001,0.3775,0.1888,1,d1_F-L-P_a,1.0000
Llama-3.1-405B,constructed,d1_F-SS-N_a|d1_F-SS-D_a,a,d1_F-SS-N_a,d1_F-SS-D_a,NDIF,1,0.0003,0.9959,0.0003,0.9959,,0,,1.0000
Llama-3.1-405B,constructed,d1_F-SS-N_a|d1_F-SS-P_a,a,d1_F-SS-N_a,d1_F-SS-P_a,NDIF,1,0.0001,0.9669,0.0001,0.9669,,0,,1.0000
Llama-3.1-405B,constructed,d1_F-SS-N_b|d1_F-A-D_b,b,d1_F-SS-N_b,d1_F-A-D_b,NDIF,1,0.0000,0.0000,0.0000,0.0000,0.0000,1,d1_F-A-D_b,1.0000
Llama-3.1-405B,constructed,d1_F-SS-N_b|d1_F-A-N_b,b,d1_F-SS-N_b,d1_F-A-N_b,NDIF,1,0.0000,0.0000,0.0000,0.0000,0.0000,1,d1_F-A-N_b,1.0000
Llama-3.1-405B,constructed,d1_F-SS-N_b|d1_F-A-P_b,b,d1_F-SS-N_b,d1_F-A-P_b,NDIF,1,0.0000,0.0000,0.0000,0.0000,0.0000,1,d1_F-A-P_b,1.0000
Llama-3.1-405B,constructed,d1_F-SS-N_b|d1_F-L-D_b,b,d1_F-SS-N_b,d1_F-L-D_b,NDIF,1,0.0000,0.0000,0.0000,0.0000,0.0000,1,d1_F-L-D_b,1.0000
Llama-3.1-405B,constructed,d1_F-SS-N_b|d1_F-L-N_b,b,d1_F-SS-N_b,d1_F-L-N_b,NDIF,1,0.0421,0.0675,0.0421,0.0675,0.0548,1,d1_F-L-N_b,0.9996
Llama-3.1-405B,constructed,d1_F-SS-N_b|d1_F-L-P_b,b,d1_F-SS-N_b,d1_F-L-P_b,NDIF,1,0.0006,0.2942,0.0006,0.2942,0.1474,1,d1_F-L-P_b,1.0000
Llama-3.1-405B,constructed,d1_F-SS-N_b|d1_F-SS-D_b,b,d1_F-SS-N_b,d1_F-SS-D_b,NDIF,1,0.0002,0.9997,0.0002,0.9997,,0,,1.0000
Llama-3.1-405B,constructed,d1_F-SS-N_b|d1_F-SS-P_b,b,d1_F-SS-N_b,d1_F-SS-P_b,NDIF,1,0.0003,0.9988,0.0003,0.9988,,0,,1.0000
Llama-3.1-405B,constructed,d1_F-SS-N_c|d1_F-A-D_c,c,d1_F-SS-N_c,d1_F-A-D_c,NDIF,1,0.0000,0.0000,0.0000,0.0000,0.0000,1,d1_F-A-D_c,1.0000
Llama-3.1-405B,constructed,d1_F-SS-N_c|d1_F-A-N_c,c,d1_F-SS-N_c,d1_F-A-N_c,NDIF,1,0.0009,0.0002,0.0009,0.0002,0.0006,1,d1_F-A-N_c,1.0000
Llama-3.1-405B,constructed,d1_F-SS-N_c|d1_F-A-P_c,c,d1_F-SS-N_c,d1_F-A-P_c,NDIF,1,0.0000,0.0000,0.0000,0.0000,0.0000,1,d1_F-A-P_c,1.0000
Llama-3.1-405B,constructed,d1_F-SS-N_c|d1_F-L-D_c,c,d1_F-SS-N_c,d1_F-L-D_c,NDIF,1,0.0001,0.0675,0.0001,0.0675,0.0338,1,d1_F-L-D_c,1.0000
Llama-3.1-405B,constructed,d1_F-SS-N_c|d1_F-L-N_c,c,d1_F-SS-N_c,d1_F-L-N_c,NDIF,1,0.2942,0.5312,0.2942,0.5312,,0,,0.9992
Llama-3.1-405B,constructed,d1_F-SS-N_c|d1_F-L-P_c,c,d1_F-SS-N_c,d1_F-L-P_c,NDIF,1,0.0001,0.7058,0.0001,0.7058,,0,,1.0000
Llama-3.1-405B,constructed,d1_F-SS-N_c|d1_F-SS-D_c,c,d1_F-SS-N_c,d1_F-SS-D_c,NDIF,1,0.0293,0.8933,0.0293,0.8933,,0,,1.0000
Llama-3.1-405B,constructed,d1_F-SS-N_c|d1_F-SS-P_c,c,d1_F-SS-N_c,d1_F-SS-P_c,NDIF,1,0.0001,0.9047,0.0001,0.9047,,0,,1.0000
Llama-3.1-405B,constructed,d1_F-SS-P_a|d1_F-A-D_a,a,d1_F-SS-P_a,d1_F-A-D_a,NDIF,1,0.0000,0.0000,0.0000,0.0000,0.0000,1,d1_F-A-D_a,1.0000
Llama-3.1-405B,constructed,d1_F-SS-P_a|d1_F-A-N_a,a,d1_F-SS-P_a,d1_F-A-N_a,NDIF,1,0.0012,0.0004,0.0012,0.0004,0.0008,1,d1_F-A-N_a,1.0000
Llama-3.1-405B,constructed,d1_F-SS-P_a|d1_F-A-P_a,a,d1_F-SS-P_a,d1_F-A-P_a,NDIF,1,0.0000,0.0002,0.0000,0.0002,0.0001,1,d1_F-A-P_a,1.0000
Llama-3.1-405B,constructed,d1_F-SS-P_a|d1_F-L-D_a,a,d1_F-SS-P_a,d1_F-L-D_a,NDIF,1,0.0000,0.0601,0.0000,0.0601,0.0301,1,d1_F-L-D_a,1.0000
Llama-3.1-405B,constructed,d1_F-SS-P_a|d1_F-L-N_a,a,d1_F-SS-P_a,d1_F-L-N_a,NDIF,1,0.1480,0.9841,0.1480,0.9841,,0,,1.0000
Llama-3.1-405B,constructed,d1_F-SS-P_a|d1_F-L-P_a,a,d1_F-SS-P_a,d1_F-L-P_a,NDIF,1,0.0421,0.5622,0.0421,0.5622,,0,,0.9362
Llama-3.1-405B,constructed,d1_F-SS-P_b|d1_F-A-D_b,b,d1_F-SS-P_b,d1_F-A-D_b,NDIF,1,0.0000,0.0000,0.0000,0.0000,0.0000,1,d1_F-A-D_b,1.0000
Llama-3.1-405B,constructed,d1_F-SS-P_b|d1_F-A-N_b,b,d1_F-SS-P_b,d1_F-A-N_b,NDIF,1,0.0000,0.0010,0.0000,0.0010,0.0005,1,d1_F-A-N_b,1.0000
Llama-3.1-405B,constructed,d1_F-SS-P_b|d1_F-A-P_b,b,d1_F-SS-P_b,d1_F-A-P_b,NDIF,1,0.0000,0.0000,0.0000,0.0000,0.0000,1,d1_F-A-P_b,1.0000
Llama-3.1-405B,constructed,d1_F-SS-P_b|d1_F-L-D_b,b,d1_F-SS-P_b,d1_F-L-D_b,NDIF,1,0.0000,0.0022,0.0000,0.0022,0.0011,1,d1_F-L-D_b,1.0000
Llama-3.1-405B,constructed,d1_F-SS-P_b|d1_F-L-N_b,b,d1_F-SS-P_b,d1_F-L-N_b,NDIF,1,0.0203,0.3486,0.0203,0.3486,0.1845,1,d1_F-L-N_b,1.0000
Llama-3.1-405B,constructed,d1_F-SS-P_b|d1_F-L-P_b,b,d1_F-SS-P_b,d1_F-L-P_b,NDIF,1,0.0006,0.4378,0.0006,0.4378,0.2192,1,d1_F-L-P_b,0.9807
Llama-3.1-405B,constructed,d1_F-SS-P_c|d1_F-A-D_c,c,d1_F-SS-P_c,d1_F-A-D_c,NDIF,1,0.0000,0.0002,0.0000,0.0002,0.0001,1,d1_F-A-D_c,1.0000
Llama-3.1-405B,constructed,d1_F-SS-P_c|d1_F-A-N_c,c,d1_F-SS-P_c,d1_F-A-N_c,NDIF,1,0.0293,0.0086,0.0293,0.0086,0.0189,1,d1_F-A-N_c,1.0000
Llama-3.1-405B,constructed,d1_F-SS-P_c|d1_F-A-P_c,c,d1_F-SS-P_c,d1_F-A-P_c,NDIF,1,0.0000,0.0046,0.0000,0.0046,0.0023,1,d1_F-A-P_c,0.9993
Llama-3.1-405B,constructed,d1_F-SS-P_c|d1_F-L-D_c,c,d1_F-SS-P_c,d1_F-L-D_c,NDIF,1,0.0004,0.9047,0.0004,0.9047,,0,,0.9997
Llama-3.1-405B,constructed,d1_F-SS-P_c|d1_F-L-N_c,c,d1_F-SS-P_c,d1_F-L-N_c,NDIF,1,0.4073,0.9959,0.4073,0.9959,,0,,0.9999
Llama-3.1-405B,constructed,d1_F-SS-P_c|d1_F-L-P_c,c,d1_F-SS-P_c,d1_F-L-P_c,NDIF,1,0.0759,0.7058,0.0759,0.7058,,0,,0.9404
Llama-3.1-405B,main,d1_A_a|d1_D12_a,a,d1_A_a,d1_D12_a,NDIF,1,0.9996,1.0000,0.9996,1.0000,0.9998,1,d1_A_a,1.0000
Llama-3.1-405B,main,d1_A_a|d1_D4_a,a,d1_A_a,d1_D4_a,NDIF,1,0.4073,1.0000,0.4073,1.0000,,0,,1.0000
Llama-3.1-405B,main,d1_A_a|d1_L_a,a,d1_A_a,d1_L_a,NDIF,1,0.6225,1.0000,0.6225,1.0000,0.8112,1,d1_A_a,1.0000
Llama-3.1-405B,main,d1_A_a|d1_Lp_a,a,d1_A_a,d1_Lp_a,NDIF,1,0.9999,1.0000,0.9999,1.0000,0.9999,1,d1_A_a,1.0000
Llama-3.1-405B,main,d1_A_a|d1_M_a,a,d1_A_a,d1_M_a,NDIF,1,1.0000,1.0000,1.0000,1.0000,1.0000,1,d1_A_a,1.0000
Llama-3.1-405B,main,d1_A_a|d1_SN_a,a,d1_A_a,d1_SN_a,NDIF,1,0.9841,1.0000,0.9841,1.0000,0.9920,1,d1_A_a,1.0000
Llama-3.1-405B,main,d1_A_a|d1_SS_a,a,d1_A_a,d1_SS_a,NDIF,1,1.0000,1.0000,1.0000,1.0000,1.0000,1,d1_A_a,1.0000
Llama-3.1-405B,main,d1_A_a|d1_S_a,a,d1_A_a,d1_S_a,NDIF,1,0.9999,1.0000,0.9999,1.0000,1.0000,1,d1_A_a,1.0000
Llama-3.1-405B,main,d1_A_a|d1_W_a,a,d1_A_a,d1_W_a,NDIF,1,0.9997,1.0000,0.9997,1.0000,0.9998,1,d1_A_a,1.0000
Llama-3.1-405B,main,d1_A_b|d1_D12_b,b,d1_A_b,d1_D12_b,NDIF,1,1.0000,1.0000,1.0000,1.0000,1.0000,1,d1_A_b,1.0000
Llama-3.1-405B,main,d1_A_b|d1_D4_b,b,d1_A_b,d1_D4_b,NDIF,1,0.0331,1.0000,0.0331,1.0000,,0,,1.0000
Llama-3.1-405B,main,d1_A_b|d1_L_b,b,d1_A_b,d1_L_b,NDIF,1,0.5927,1.0000,0.5927,1.0000,0.7963,1,d1_A_b,1.0000
Llama-3.1-405B,main,d1_A_b|d1_Lp_b,b,d1_A_b,d1_Lp_b,NDIF,1,0.9999,1.0000,0.9999,1.0000,1.0000,1,d1_A_b,1.0000
Llama-3.1-405B,main,d1_A_b|d1_M_b,b,d1_A_b,d1_M_b,NDIF,1,1.0000,1.0000,1.0000,1.0000,1.0000,1,d1_A_b,1.0000
Llama-3.1-405B,main,d1_A_b|d1_SN_b,b,d1_A_b,d1_SN_b,NDIF,1,1.0000,1.0000,1.0000,1.0000,1.0000,1,d1_A_b,1.0000
Llama-3.1-405B,main,d1_A_b|d1_SS_b,b,d1_A_b,d1_SS_b,NDIF,1,1.0000,1.0000,1.0000,1.0000,1.0000,1,d1_A_b,1.0000
Llama-3.1-405B,main,d1_A_b|d1_S_b,b,d1_A_b,d1_S_b,NDIF,1,1.0000,1.0000,1.0000,1.0000,1.0000,1,d1_A_b,1.0000
Llama-3.1-405B,main,d1_A_b|d1_W_b,b,d1_A_b,d1_W_b,NDIF,1,0.9999,1.0000,0.9999,1.0000,1.0000,1,d1_A_b,1.0000
Llama-3.1-405B,main,d1_A_c|d1_D12_c,c,d1_A_c,d1_D12_c,NDIF,1,0.9993,1.0000,0.9993,1.0000,0.9996,1,d1_A_c,1.0000
Llama-3.1-405B,main,d1_A_c|d1_D4_c,c,d1_A_c,d1_D4_c,NDIF,1,0.0474,0.9999,0.0474,0.9999,,0,,1.0000
Llama-3.1-405B,main,d1_A_c|d1_L_c,c,d1_A_c,d1_L_c,NDIF,1,0.0293,1.0000,0.0293,1.0000,,0,,1.0000
Llama-3.1-405B,main,d1_A_c|d1_Lp_c,c,d1_A_c,d1_Lp_c,NDIF,1,0.9399,1.0000,0.9399,1.0000,0.9700,1,d1_A_c,0.9999
Llama-3.1-405B,main,d1_A_c|d1_M_c,c,d1_A_c,d1_M_c,NDIF,1,0.9999,1.0000,0.9999,1.0000,1.0000,1,d1_A_c,1.0000
Llama-3.1-405B,main,d1_A_c|d1_SN_c,c,d1_A_c,d1_SN_c,NDIF,1,0.8670,1.0000,0.8670,1.0000,0.9335,1,d1_A_c,0.9999
Llama-3.1-405B,main,d1_A_c|d1_SS_c,c,d1_A_c,d1_SS_c,NDIF,1,0.9999,1.0000,0.9999,1.0000,1.0000,1,d1_A_c,1.0000
Llama-3.1-405B,main,d1_A_c|d1_S_c,c,d1_A_c,d1_S_c,NDIF,1,0.9954,1.0000,0.9954,1.0000,0.9977,1,d1_A_c,0.9982
Llama-3.1-405B,main,d1_A_c|d1_W_c,c,d1_A_c,d1_W_c,NDIF,1,0.9981,1.0000,0.9981,1.0000,0.9990,1,d1_A_c,1.0000
Llama-3.1-405B,main,d1_D4_a|d1_D12_a,a,d1_D4_a,d1_D12_a,NDIF,1,0.2689,0.9978,0.2689,0.9978,,0,,1.0000
Llama-3.1-405B,main,d1_D4_b|d1_D12_b,b,d1_D4_b,d1_D12_b,NDIF,1,1.0000,0.9999,1.0000,0.9999,0.9999,1,d1_D4_b,1.0000
Llama-3.1-405B,main,d1_D4_c|d1_D12_c,c,d1_D4_c,d1_D12_c,NDIF,1,0.9627,0.9707,0.9627,0.9707,0.9667,1,d1_D4_c,0.9999
Llama-3.1-405B,main,d1_L_a|d1_D12_a,a,d1_L_a,d1_D12_a,NDIF,1,0.5622,0.7058,0.5622,0.7058,0.6340,1,d1_L_a,0.9643
Llama-3.1-405B,main,d1_L_a|d1_D4_a,a,d1_L_a,d1_D4_a,NDIF,1,0.0013,0.9707,0.0013,0.9707,,0,,1.0000
Llama-3.1-405B,main,d1_L_a|d1_Lp_a,a,d1_L_a,d1_Lp_a,NDIF,1,0.0953,0.9999,0.0953,0.9999,,0,,1.0000
Llama-3.1-405B,main,d1_L_a|d1_M_a,a,d1_L_a,d1_M_a,NDIF,1,0.4688,0.9999,0.4688,0.9999,,0,,1.0000
Llama-3.1-405B,main,d1_L_a|d1_SN_a,a,d1_L_a,d1_SN_a,NDIF,1,0.3208,0.9997,0.3208,0.9997,,0,,0.9999
Llama-3.1-405B,main,d1_L_a|d1_SS_a,a,d1_L_a,d1_SS_a,NDIF,1,0.9941,1.0000,0.9941,1.0000,0.9970,1,d1_L_a,1.0000
Llama-3.1-405B,main,d1_L_a|d1_S_a,a,d1_L_a,d1_S_a,NDIF,1,0.8933,1.0000,0.8933,1.0000,0.9466,1,d1_L_a,0.8997
Llama-3.1-405B,main,d1_L_a|d1_W_a,a,d1_L_a,d1_W_a,NDIF,1,0.1330,0.9997,0.1330,0.9997,,0,,0.9999
Llama-3.1-405B,main,d1_L_b|d1_D12_b,b,d1_L_b,d1_D12_b,NDIF,1,0.9994,0.9948,0.9994,0.9948,0.9971,1,d1_L_b,1.0000
Llama-3.1-405B,main,d1_L_b|d1_D4_b,b,d1_L_b,d1_D4_b,NDIF,1,0.0052,0.0032,0.0052,0.0032,0.0042,1,d1_D4_b,1.0000
Llama-3.1-405B,main,d1_L_b|d1_Lp_b,b,d1_L_b,d1_Lp_b,NDIF,1,0.0759,0.9914,0.0759,0.9914,,0,,1.0000
Llama-3.1-405B,main,d1_L_b|d1_M_b,b,d1_L_b,d1_M_b,NDIF,1,0.9994,1.0000,0.9994,1.0000,0.9997,1,d1_L_b,1.0000
Llama-3.1-405B,main,d1_L_b|d1_SN_b,b,d1_L_b,d1_SN_b,NDIF,1,0.5000,0.9999,0.5000,0.9999,,0,,0.9999
Llama-3.1-405B,main,d1_L_b|d1_SS_b,b,d1_L_b,d1_SS_b,NDIF,1,1.0000,1.0000,1.0000,1.0000,1.0000,1,d1_L_b,1.0000
Llama-3.1-405B,main,d1_L_b|d1_S_b,b,d1_L_b,d1_S_b,NDIF,1,0.9999,1.0000,0.9999,1.0000,0.9999,1,d1_L_b,1.0000
Llama-3.1-405B,main,d1_L_b|d1_W_b,b,d1_L_b,d1_W_b,NDIF,1,0.7058,1.0000,0.7058,1.0000,0.8529,1,d1_L_b,1.0000
Llama-3.1-405B,main,d1_L_c|d1_D12_c,c,d1_L_c,d1_D12_c,NDIF,1,0.2227,0.7058,0.2227,0.7058,,0,,0.9156
Llama-3.1-405B,main,d1_L_c|d1_D4_c,c,d1_L_c,d1_D4_c,NDIF,1,0.0141,0.6514,0.0141,0.6514,,0,,1.0000
Llama-3.1-405B,main,d1_L_c|d1_Lp_c,c,d1_L_c,d1_Lp_c,NDIF,1,0.0180,0.9997,0.0180,0.9997,,0,,0.9999
Llama-3.1-405B,main,d1_L_c|d1_M_c,c,d1_L_c,d1_M_c,NDIF,1,0.0759,0.9999,0.0759,0.9999,,0,,0.9998
Llama-3.1-405B,main,d1_L_c|d1_SN_c,c,d1_L_c,d1_SN_c,NDIF,1,0.1824,0.9997,0.1824,0.9997,,0,,0.9955
Llama-3.1-405B,main,d1_L_c|d1_SS_c,c,d1_L_c,d1_SS_c,NDIF,1,0.3486,0.9999,0.3486,0.9999,,0,,0.9962
Llama-3.1-405B,main,d1_L_c|d1_S_c,c,d1_L_c,d1_S_c,NDIF,1,0.6225,0.9999,0.6225,0.9999,0.8112,1,d1_L_c,0.8212
Llama-3.1-405B,main,d1_L_c|d1_W_c,c,d1_L_c,d1_W_c,NDIF,1,0.3208,0.9996,0.3208,0.9996,,0,,0.9914
Llama-3.1-405B,main,d1_Lp_a|d1_D12_a,a,d1_Lp_a,d1_D12_a,NDIF,1,0.0007,0.9948,0.0007,0.9948,,0,,1.0000
Llama-3.1-405B,main,d1_Lp_a|d1_D4_a,a,d1_Lp_a,d1_D4_a,NDIF,1,0.0009,0.0331,0.0009,0.0331,0.0170,1,d1_D4_a,1.0000
Llama-3.1-405B,main,d1_Lp_a|d1_S_a,a,d1_Lp_a,d1_S_a,NDIF,1,0.0000,0.9890,0.0000,0.9890,,0,,1.0000
Llama-3.1-405B,main,d1_Lp_b|d1_D12_b,b,d1_Lp_b,d1_D12_b,NDIF,1,0.0331,0.9914,0.0331,0.9914,,0,,1.0000
Llama-3.1-405B,main,d1_Lp_b|d1_D4_b,b,d1_Lp_b,d1_D4_b,NDIF,1,0.0002,0.1067,0.0002,0.1067,0.0534,1,d1_D4_b,1.0000
Llama-3.1-405B,main,d1_Lp_b|d1_S_b,b,d1_Lp_b,d1_S_b,NDIF,1,0.0159,0.9985,0.0159,0.9985,,0,,1.0000
Llama-3.1-405B,main,d1_Lp_c|d1_D12_c,c,d1_Lp_c,d1_D12_c,NDIF,1,0.0006,0.9841,0.0006,0.9841,,0,,0.9999
Llama-3.1-405B,main,d1_Lp_c|d1_D4_c,c,d1_Lp_c,d1_D4_c,NDIF,1,0.0003,0.7982,0.0003,0.7982,,0,,0.9999
Llama-3.1-405B,main,d1_Lp_c|d1_S_c,c,d1_Lp_c,d1_S_c,NDIF,1,0.0001,0.9998,0.0001,0.9998,,0,,1.0000
Llama-3.1-405B,main,d1_M_a|d1_D12_a,a,d1_M_a,d1_D12_a,NDIF,1,0.0013,0.8520,0.0013,0.8520,,0,,0.9999
Llama-3.1-405B,main,d1_M_a|d1_D4_a,a,d1_M_a,d1_D4_a,NDIF,1,0.0001,0.8176,0.0001,0.8176,,0,,1.0000
Llama-3.1-405B,main,d1_M_a|d1_Lp_a,a,d1_M_a,d1_Lp_a,NDIF,1,0.0052,0.9998,0.0052,0.9998,,0,,1.0000
Llama-3.1-405B,main,d1_M_a|d1_SS_a,a,d1_M_a,d1_SS_a,NDIF,1,0.0373,0.9325,0.0373,0.9325,,0,,0.9999
Llama-3.1-405B,main,d1_M_a|d1_S_a,a,d1_M_a,d1_S_a,NDIF,1,0.5622,0.9740,0.5622,0.9740,0.7681,1,d1_M_a,0.8935
Llama-3.1-405B,main,d1_M_b|d1_D12_b,b,d1_M_b,d1_D12_b,NDIF,1,0.0000,0.0293,0.0000,0.0293,0.0147,1,d1_D12_b,1.0000
Llama-3.1-405B,main,d1_M_b|d1_D4_b,b,d1_M_b,d1_D4_b,NDIF,1,0.0000,0.0000,0.0000,0.0000,0.0000,1,d1_D4_b,1.0000
Llama-3.1-405B,main,d1_M_b|d1_Lp_b,b,d1_M_b,d1_Lp_b,NDIF,1,0.0004,0.9399,0.0004,0.9399,,0,,1.0000
Llama-3.1-405B,main,d1_M_b|d1_SS_b,b,d1_M_b,d1_SS_b,NDIF,1,0.7773,0.9975,0.7773,0.9975,0.8874,1,d1_M_b,0.9989
Llama-3.1-405B,main,d1_M_b|d1_S_b,b,d1_M_b,d1_S_b,NDIF,1,0.0373,0.1330,0.0373,0.1330,0.0851,1,d1_S_b,1.0000
Llama-3.1-405B,main,d1_M_c|d1_D12_c,c,d1_M_c,d1_D12_c,NDIF,1,0.0003,0.9669,0.0003,0.9669,,0,,0.9997
Llama-3.1-405B,main,d1_M_c|d1_D4_c,c,d1_M_c,d1_D4_c,NDIF,1,0.0000,0.0230,0.0000,0.0230,0.0115,1,d1_D4_c,1.0000
Llama-3.1-405B,main,d1_M_c|d1_Lp_c,c,d1_M_c,d1_Lp_c,NDIF,1,0.0003,0.9997,0.0003,0.9997,,0,,1.0000
Llama-3.1-405B,main,d1_M_c|d1_SS_c,c,d1_M_c,d1_SS_c,NDIF,1,0.0010,0.9948,0.0010,0.9948,,0,,0.9999
Llama-3.1-405B,main,d1_M_c|d1_S_c,c,d1_M_c,d1_S_c,NDIF,1,0.3775,0.9914,0.3775,0.9914,,0,,0.8675
Llama-3.1-405B,main,d1_SN_a|d1_D12_a,a,d1_SN_a,d1_D12_a,NDIF,1,0.0260,0.9325,0.0260,0.9325,,0,,1.0000
Llama-3.1-405B,main,d1_SN_a|d1_D4_a,a,d1_SN_a,d1_D4_a,NDIF,1,0.0007,0.9740,0.0007,0.9740,,0,,1.0000
Llama-3.1-405B,main,d1_SN_a|d1_Lp_a,a,d1_SN_a,d1_Lp_a,NDIF,1,0.0851,1.0000,0.0851,1.0000,,0,,1.0000
Llama-3.1-405B,main,d1_SN_a|d1_M_a,a,d1_SN_a,d1_M_a,NDIF,1,0.7311,0.9990,0.7311,0.9990,0.8650,1,d1_SN_a,1.0000
Llama-3.1-405B,main,d1_SN_a|d1_SS_a,a,d1_SN_a,d1_SS_a,NDIF,1,0.9770,0.9992,0.9770,0.9992,0.9881,1,d1_SN_a,1.0000
Llama-3.1-405B,main,d1_SN_a|d1_S_a,a,d1_SN_a,d1_S_a,NDIF,1,0.7982,0.9995,0.7982,0.9995,0.8988,1,d1_SN_a,0.9122
Llama-3.1-405B,main,d1_SN_a|d1_W_a,a,d1_SN_a,d1_W_a,NDIF,1,0.1192,0.9990,0.1192,0.9990,,0,,0.9999
Llama-3.1-405B,main,d1_SN_b|d1_D12_b,b,d1_SN_b,d1_D12_b,NDIF,1,0.0141,0.9241,0.0141,0.9241,,0,,1.0000
Llama-3.1-405B,main,d1_SN_b|d1_D4_b,b,d1_SN_b,d1_D4_b,NDIF,1,0.0000,0.0015,0.0000,0.0015,0.0008,1,d1_D4_b,1.0000
Llama-3.1-405B,main,d1_SN_b|d1_Lp_b,b,d1_SN_b,d1_Lp_b,NDIF,1,0.0331,0.9978,0.0331,0.9978,,0,,1.0000
Llama-3.1-405B,main,d1_SN_b|d1_M_b,b,d1_SN_b,d1_M_b,NDIF,1,0.9933,1.0000,0.9933,1.0000,0.9966,1,d1_SN_b,1.0000
Llama-3.1-405B,main,d1_SN_b|d1_SS_b,b,d1_SN_b,d1_SS_b,NDIF,1,1.0000,1.0000,1.0000,1.0000,1.0000,1,d1_SN_b,1.0000
Llama-3.1-405B,main,d1_SN_b|d1_S_b,b,d1_SN_b,d1_S_b,NDIF,1,0.9149,0.9999,0.9149,0.9999,0.9574,1,d1_SN_b,0.9999
Llama-3.1-405B,main,d1_SN_b|d1_W_b,b,d1_SN_b,d1_W_b,NDIF,1,0.0036,0.9992,0.0036,0.9992,,0,,1.0000
Llama-3.1-405B,main,d1_SN_c|d1_D12_c,c,d1_SN_c,d1_D12_c,NDIF,1,0.0046,0.5927,0.0046,0.5927,,0,,0.9965
Llama-3.1-405B,main,d1_SN_c|d1_D4_c,c,d1_SN_c,d1_D4_c,NDIF,1,0.0001,0.3775,0.0001,0.3775,0.1888,1,d1_D4_c,1.0000
Llama-3.1-405B,main,d1_SN_c|d1_Lp_c,c,d1_SN_c,d1_Lp_c,NDIF,1,0.0032,1.0000,0.0032,1.0000,,0,,1.0000
Llama-3.1-405B,main,d1_SN_c|d1_M_c,c,d1_SN_c,d1_M_c,NDIF,1,0.0759,0.9959,0.0759,0.9959,,0,,0.9998
Llama-3.1-405B,main,d1_SN_c|d1_SS_c,c,d1_SN_c,d1_SS_c,NDIF,1,0.4073,0.9820,0.4073,0.9820,,0,,0.9961
Llama-3.1-405B,main,d1_SN_c|d1_S_c,c,d1_SN_c,d1_S_c,NDIF,1,0.4073,0.9954,0.4073,0.9954,,0,,0.8860
Llama-3.1-405B,main,d1_SN_c|d1_W_c,c,d1_SN_c,d1_W_c,NDIF,1,0.4073,0.9990,0.4073,0.9990,,0,,0.9926
Llama-3.1-405B,main,d1_SS_a|d1_D12_a,a,d1_SS_a,d1_D12_a,NDIF,1,0.0001,0.4688,0.0001,0.4688,0.2344,1,d1_D12_a,0.9736
Llama-3.1-405B,main,d1_SS_a|d1_D4_a,a,d1_SS_a,d1_D4_a,NDIF,1,0.0001,0.9526,0.0001,0.9526,,0,,1.0000
Llama-3.1-405B,main,d1_SS_a|d1_Lp_a,a,d1_SS_a,d1_Lp_a,NDIF,1,0.0110,0.9998,0.0110,0.9998,,0,,1.0000
Llama-3.1-405B,main,d1_SS_a|d1_S_a,a,d1_SS_a,d1_S_a,NDIF,1,0.6792,0.9914,0.6792,0.9914,0.8353,1,d1_SS_a,0.8889
Llama-3.1-405B,main,d1_SS_b|d1_D12_b,b,d1_SS_b,d1_D12_b,NDIF,1,0.0000,0.0003,0.0000,0.0003,0.0002,1,d1_D12_b,1.0000
Llama-3.1-405B,main,d1_SS_b|d1_D4_b,b,d1_SS_b,d1_D4_b,NDIF,1,0.0000,0.0000,0.0000,0.0000,0.0000,1,d1_D4_b,1.0000
Llama-3.1-405B,main,d1_SS_b|d1_Lp_b,b,d1_SS_b,d1_Lp_b,NDIF,1,0.0002,0.9740,0.0002,0.9740,,0,,1.0000
Llama-3.1-405B,main,d1_SS_b|d1_S_b,b,d1_SS_b,d1_S_b,NDIF,1,0.0141,0.0025,0.0141,0.0025,0.0083,1,d1_S_b,1.0000
Llama-3.1-405B,main,d1_SS_c|d1_D12_c,c,d1_SS_c,d1_D12_c,NDIF,1,0.0013,0.5000,0.0013,0.5000,,0,,0.9502
Llama-3.1-405B,main,d1_SS_c|d1_D4_c,c,d1_SS_c,d1_D4_c,NDIF,1,0.0000,0.0059,0.0000,0.0059,0.0030,1,d1_D4_c,0.9999
Llama-3.1-405B,main,d1_SS_c|d1_Lp_c,c,d1_SS_c,d1_Lp_c,NDIF,1,0.0002,0.9992,0.0002,0.9992,,0,,1.0000
Llama-3.1-405B,main,d1_SS_c|d1_S_c,c,d1_SS_c,d1_S_c,NDIF,1,0.4073,0.9707,0.4073,0.9707,,0,,0.8534
Llama-3.1-405B,main,d1_S_a|d1_D12_a,a,d1_S_a,d1_D12_a,NDIF,1,0.0001,0.3775,0.0001,0.3775,0.1888,1,d1_D12_a,0.9366
Llama-3.1-405B,main,d1_S_a|d1_D4_a,a,d1_S_a,d1_D4_a,NDIF,1,0.0001,0.8808,0.0001,0.8808,,0,,1.0000
Llama-3.1-405B,main,d1_S_b|d1_D12_b,b,d1_S_b,d1_D12_b,NDIF,1,0.0001,0.0032,0.0001,0.0032,0.0016,1,d1_D12_b,1.0000
Llama-3.1-405B,main,d1_S_b|d1_D4_b,b,d1_S_b,d1_D4_b,NDIF,1,0.0000,0.0000,0.0000,0.0000,0.0000,1,d1_D4_b,1.0000
Llama-3.1-405B,main,d1_S_c|d1_D12_c,c,d1_S_c,d1_D12_c,NDIF,1,0.0004,0.4688,0.0004,0.4688,0.2346,1,d1_D12_c,0.8892
Llama-3.1-405B,main,d1_S_c|d1_D4_c,c,d1_S_c,d1_D4_c,NDIF,1,0.0000,0.0124,0.0000,0.0124,0.0062,1,d1_D4_c,1.0000
Llama-3.1-405B,main,d1_W_a|d1_D12_a,a,d1_W_a,d1_D12_a,NDIF,1,0.0006,0.9914,0.0006,0.9914,,0,,1.0000
Llama-3.1-405B,main,d1_W_a|d1_D4_a,a,d1_W_a,d1_D4_a,NDIF,1,0.0001,0.6792,0.0001,0.6792,,0,,1.0000
Llama-3.1-405B,main,d1_W_a|d1_Lp_a,a,d1_W_a,d1_Lp_a,NDIF,1,0.0124,0.9999,0.0124,0.9999,,0,,1.0000
Llama-3.1-405B,main,d1_W_a|d1_M_a,a,d1_W_a,d1_M_a,NDIF,1,0.0474,0.9987,0.0474,0.9987,,0,,1.0000
Llama-3.1-405B,main,d1_W_a|d1_SS_a,a,d1_W_a,d1_SS_a,NDIF,1,0.0159,0.9996,0.0159,0.9996,,0,,1.0000
Llama-3.1-405B,main,d1_W_a|d1_S_a,a,d1_W_a,d1_S_a,NDIF,1,0.5927,0.9997,0.5927,0.9997,0.7962,1,d1_W_a,0.8968
Llama-3.1-405B,main,d1_W_b|d1_D12_b,b,d1_W_b,d1_D12_b,NDIF,1,0.0124,0.9890,0.0124,0.9890,,0,,1.0000
Llama-3.1-405B,main,d1_W_b|d1_D4_b,b,d1_W_b,d1_D4_b,NDIF,1,0.0000,0.0001,0.0000,0.0001,0.0001,1,d1_D4_b,1.0000
Llama-3.1-405B,main,d1_W_b|d1_Lp_b,b,d1_W_b,d1_Lp_b,NDIF,1,0.0086,0.9941,0.0086,0.9941,,0,,1.0000
Llama-3.1-405B,main,d1_W_b|d1_M_b,b,d1_W_b,d1_M_b,NDIF,1,0.7058,1.0000,0.7058,1.0000,0.8529,1,d1_W_b,1.0000
Llama-3.1-405B,main,d1_W_b|d1_SS_b,b,d1_W_b,d1_SS_b,NDIF,1,0.9997,1.0000,0.9997,1.0000,0.9999,1,d1_W_b,1.0000
Llama-3.1-405B,main,d1_W_b|d1_S_b,b,d1_W_b,d1_S_b,NDIF,1,0.5622,0.9999,0.5622,0.9999,0.7811,1,d1_W_b,0.9998
Llama-3.1-405B,main,d1_W_c|d1_D12_c,c,d1_W_c,d1_D12_c,NDIF,1,0.0028,0.5312,0.0028,0.5312,,0,,0.9974
Llama-3.1-405B,main,d1_W_c|d1_D4_c,c,d1_W_c,d1_D4_c,NDIF,1,0.0001,0.0159,0.0001,0.0159,0.0080,1,d1_D4_c,1.0000
Llama-3.1-405B,main,d1_W_c|d1_Lp_c,c,d1_W_c,d1_Lp_c,NDIF,1,0.0006,0.9998,0.0006,0.9998,,0,,1.0000
Llama-3.1-405B,main,d1_W_c|d1_M_c,c,d1_W_c,d1_M_c,NDIF,1,0.0124,0.9859,0.0124,0.9859,,0,,0.9998
Llama-3.1-405B,main,d1_W_c|d1_SS_c,c,d1_W_c,d1_SS_c,NDIF,1,0.0601,0.9579,0.0601,0.9579,,0,,0.9976
Llama-3.1-405B,main,d1_W_c|d1_S_c,c,d1_W_c,d1_S_c,NDIF,1,0.4378,0.9841,0.4378,0.9841,,0,,0.8318
Llama-3.1-70B,constructed,d1_F-A-D_a|d1_F-A-P_a,a,d1_F-A-D_a,d1_F-A-P_a,NDIF,1,0.9941,0.2227,0.9941,0.2227,,0,,0.9963
Llama-3.1-70B,constructed,d1_F-A-D_b|d1_F-A-P_b,b,d1_F-A-D_b,d1_F-A-P_b,NDIF,1,0.9466,0.0953,0.9466,0.0953,,0,,0.9960
Llama-3.1-70B,constructed,d1_F-A-D_c|d1_F-A-P_c,c,d1_F-A-D_c,d1_F-A-P_c,NDIF,1,0.9954,0.1824,0.9954,0.1824,,0,,0.9923
Llama-3.1-70B,constructed,d1_F-A-N_a|d1_F-A-D_a,a,d1_F-A-N_a,d1_F-A-D_a,NDIF,1,0.7311,0.0013,0.7311,0.0013,,0,,0.9990
Llama-3.1-70B,constructed,d1_F-A-N_a|d1_F-A-P_a,a,d1_F-A-N_a,d1_F-A-P_a,NDIF,1,0.7058,0.0032,0.7058,0.0032,,0,,0.9979
Llama-3.1-70B,constructed,d1_F-A-N_b|d1_F-A-D_b,b,d1_F-A-N_b,d1_F-A-D_b,NDIF,1,0.3775,0.0028,0.3775,0.0028,0.1902,1,d1_F-A-D_b,0.9970
Llama-3.1-70B,constructed,d1_F-A-N_b|d1_F-A-P_b,b,d1_F-A-N_b,d1_F-A-P_b,NDIF,1,0.0331,0.0032,0.0331,0.0032,0.0181,1,d1_F-A-P_b,0.9999
Llama-3.1-70B,constructed,d1_F-A-N_c|d1_F-A-D_c,c,d1_F-A-N_c,d1_F-A-D_c,NDIF,1,0.7773,0.0009,0.7773,0.0009,,0,,0.9977
Llama-3.1-70B,constructed,d1_F-A-N_c|d1_F-A-P_c,c,d1_F-A-N_c,d1_F-A-P_c,NDIF,1,0.2942,0.0076,0.2942,0.0076,0.1509,1,d1_F-A-P_c,0.9990
Llama-3.1-70B,constructed,d1_F-L-D_a|d1_F-A-D_a,a,d1_F-L-D_a,d1_F-A-D_a,NDIF,1,0.0067,0.0052,0.0067,0.0052,0.0060,1,d1_F-A-D_a,0.9998
Llama-3.1-70B,constructed,d1_F-L-D_a|d1_F-A-N_a,a,d1_F-L-D_a,d1_F-A-N_a,NDIF,1,0.0331,0.1192,0.0331,0.1192,0.0761,1,d1_F-A-N_a,0.9973
Llama-3.1-70B,constructed,d1_F-L-D_a|d1_F-A-P_a,a,d1_F-L-D_a,d1_F-A-P_a,NDIF,1,0.0331,0.1824,0.0331,0.1824,0.1078,1,d1_F-A-P_a,0.9962
Llama-3.1-70B,constructed,d1_F-L-D_a|d1_F-L-P_a,a,d1_F-L-D_a,d1_F-L-P_a,NDIF,1,0.8933,0.9740,0.8933,0.9740,0.9337,1,d1_F-L-D_a,0.9956
Llama-3.1-70B,constructed,d1_F-L-D_b|d1_F-A-D_b,b,d1_F-L-D_b,d1_F-A-D_b,NDIF,1,0.0002,0.1824,0.0002,0.1824,0.0913,1,d1_F-A-D_b,0.9998
Llama-3.1-70B,constructed,d1_F-L-D_b|d1_F-A-N_b,b,d1_F-L-D_b,d1_F-A-N_b,NDIF,1,0.0067,0.9948,0.0067,0.9948,,0,,1.0000
Llama-3.1-70B,constructed,d1_F-L-D_b|d1_F-A-P_b,b,d1_F-L-D_b,d1_F-A-P_b,NDIF,1,0.0004,0.9820,0.0004,0.9820,,0,,0.9999
Llama-3.1-70B,constructed,d1_F-L-D_b|d1_F-L-P_b,b,d1_F-L-D_b,d1_F-L-P_b,NDIF,1,0.8670,0.9985,0.8670,0.9985,0.9328,1,d1_F-L-D_b,0.9998
Llama-3.1-70B,constructed,d1_F-L-D_c|d1_F-A-D_c,c,d1_F-L-D_c,d1_F-A-D_c,NDIF,1,0.0124,0.0046,0.0124,0.0046,0.0085,1,d1_F-A-D_c,0.9996
Llama-3.1-70B,constructed,d1_F-L-D_c|d1_F-A-N_c,c,d1_F-L-D_c,d1_F-A-N_c,NDIF,1,0.0851,0.0601,0.0851,0.0601,0.0726,1,d1_F-A-N_c,0.9913
Llama-3.1-70B,constructed,d1_F-L-D_c|d1_F-A-P_c,c,d1_F-L-D_c,d1_F-A-P_c,NDIF,1,0.0373,0.0953,0.0373,0.0953,0.0663,1,d1_F-A-P_c,0.9815
Llama-3.1-70B,constructed,d1_F-L-D_c|d1_F-L-P_c,c,d1_F-L-D_c,d1_F-L-P_c,NDIF,1,0.9047,0.9526,0.9047,0.9526,0.9286,1,d1_F-L-D_c,0.9835
Llama-3.1-70B,constructed,d1_F-L-N_a|d1_F-A-D_a,a,d1_F-L-N_a,d1_F-A-D_a,NDIF,1,0.0005,0.0004,0.0005,0.0004,0.0005,1,d1_F-A-D_a,1.0000
Llama-3.1-70B,constructed,d1_F-L-N_a|d1_F-A-N_a,a,d1_F-L-N_a,d1_F-A-N_a,NDIF,1,0.0036,0.0036,0.0036,0.0036,0.0036,1,d1_F-A-N_a,0.9999
Llama-3.1-70B,constructed,d1_F-L-N_a|d1_F-A-P_a,a,d1_F-L-N_a,d1_F-A-P_a,NDIF,1,0.0032,0.0041,0.0032,0.0041,0.0036,1,d1_F-A-P_a,0.9998
Llama-3.1-70B,constructed,d1_F-L-N_a|d1_F-L-D_a,a,d1_F-L-N_a,d1_F-L-D_a,NDIF,1,0.0159,0.0373,0.0159,0.0373,0.0266,1,d1_F-L-D_a,0.9995
Llama-3.1-70B,constructed,d1_F-L-N_a|d1_F-L-P_a,a,d1_F-L-N_a,d1_F-L-P_a,NDIF,1,0.0953,0.4378,0.0953,0.4378,0.2666,1,d1_F-L-P_a,0.9947
Llama-3.1-70B,constructed,d1_F-L-N_b|d1_F-A-D_b,b,d1_F-L-N_b,d1_F-A-D_b,NDIF,1,0.0000,0.0004,0.0000,0.0004,0.0002,1,d1_F-A-D_b,1.0000
Llama-3.1-70B,constructed,d1_F-L-N_b|d1_F-A-N_b,b,d1_F-L-N_b,d1_F-A-N_b,NDIF,1,0.0003,0.0086,0.0003,0.0086,0.0044,1,d1_F-A-N_b,0.9999
Llama-3.1-70B,constructed,d1_F-L-N_b|d1_F-A-P_b,b,d1_F-L-N_b,d1_F-A-P_b,NDIF,1,0.0001,0.0017,0.0001,0.0017,0.0009,1,d1_F-A-P_b,1.0000
Llama-3.1-70B,constructed,d1_F-L-N_b|d1_F-L-D_b,b,d1_F-L-N_b,d1_F-L-D_b,NDIF,1,0.0006,0.0159,0.0006,0.0159,0.0083,1,d1_F-L-D_b,0.9998
Llama-3.1-70B,constructed,d1_F-L-N_b|d1_F-L-P_b,b,d1_F-L-N_b,d1_F-L-P_b,NDIF,1,0.0110,0.5927,0.0110,0.5927,,0,,0.9993
Llama-3.1-70B,constructed,d1_F-L-N_c|d1_F-A-D_c,c,d1_F-L-N_c,d1_F-A-D_c,NDIF,1,0.0007,0.0006,0.0007,0.0006,0.0006,1,d1_F-A-D_c,0.9999
Llama-3.1-70B,constructed,d1_F-L-N_c|d1_F-A-N_c,c,d1_F-L-N_c,d1_F-A-N_c,NDIF,1,0.0046,0.0046,0.0046,0.0046,0.0046,1,d1_F-A-N_c,0.9996
Llama-3.1-70B,constructed,d1_F-L-N_c|d1_F-A-P_c,c,d1_F-L-N_c,d1_F-A-P_c,NDIF,1,0.0028,0.0041,0.0028,0.0041,0.0034,1,d1_F-A-P_c,0.9995
Llama-3.1-70B,constructed,d1_F-L-N_c|d1_F-L-D_c,c,d1_F-L-N_c,d1_F-L-D_c,NDIF,1,0.0110,0.0675,0.0110,0.0675,0.0393,1,d1_F-L-D_c,0.9992
Llama-3.1-70B,constructed,d1_F-L-N_c|d1_F-L-P_c,c,d1_F-L-N_c,d1_F-L-P_c,NDIF,1,0.2018,0.1480,0.2018,0.1480,0.1749,1,d1_F-L-P_c,0.9806
Llama-3.1-70B,constructed,d1_F-L-P_a|d1_F-A-D_a,a,d1_F-L-P_a,d1_F-A-D_a,NDIF,1,0.0010,0.0025,0.0010,0.0025,0.0018,1,d1_F-A-D_a,0.9998
Llama-3.1-70B,constructed,d1_F-L-P_a|d1_F-A-N_a,a,d1_F-L-P_a,d1_F-A-N_a,NDIF,1,0.0110,0.0230,0.0110,0.0230,0.0170,1,d1_F-A-N_a,0.9981
Llama-3.1-70B,constructed,d1_F-L-P_a|d1_F-A-P_a,a,d1_F-L-P_a,d1_F-A-P_a,NDIF,1,0.0022,0.0230,0.0022,0.0230,0.0126,1,d1_F-A-P_a,0.9978
Llama-3.1-70B,constructed,d1_F-L-P_b|d1_F-A-D_b,b,d1_F-L-P_b,d1_F-A-D_b,NDIF,1,0.0001,0.0022,0.0001,0.0022,0.0011,1,d1_F-A-D_b,1.0000
Llama-3.1-70B,constructed,d1_F-L-P_b|d1_F-A-N_b,b,d1_F-L-P_b,d1_F-A-N_b,NDIF,1,0.0003,0.0675,0.0003,0.0675,0.0339,1,d1_F-A-N_b,0.9998
Llama-3.1-70B,constructed,d1_F-L-P_b|d1_F-A-P_b,b,d1_F-L-P_b,d1_F-A-P_b,NDIF,1,0.0001,0.0067,0.0001,0.0067,0.0034,1,d1_F-A-P_b,0.9994
Llama-3.1-70B,constructed,d1_F-L-P_c|d1_F-A-D_c,c,d1_F-L-P_c,d1_F-A-D_c,NDIF,1,0.0019,0.0017,0.0019,0.0017,0.0018,1,d1_F-A-D_c,0.9997
Llama-3.1-70B,constructed,d1_F-L-P_c|d1_F-A-N_c,c,d1_F-L-P_c,d1_F-A-N_c,NDIF,1,0.0124,0.0159,0.0124,0.0159,0.0142,1,d1_F-A-N_c,0.9953
Llama-3.1-70B,constructed,d1_F-L-P_c|d1_F-A-P_c,c,d1_F-L-P_c,d1_F-A-P_c,NDIF,1,0.0041,0.0203,0.0041,0.0203,0.0122,1,d1_F-A-P_c,0.9765
Llama-3.1-70B,constructed,d1_F-SS-D_a|d1_F-A-D_a,a,d1_F-SS-D_a,d1_F-A-D_a,NDIF,1,0.0010,0.0007,0.0010,0.0007,0.0009,1,d1_F-A-D_a,0.9999
Llama-3.1-70B,constructed,d1_F-SS-D_a|d1_F-A-N_a,a,d1_F-SS-D_a,d1_F-A-N_a,NDIF,1,0.0025,0.0019,0.0025,0.0019,0.0022,1,d1_F-A-N_a,0.9999
Llama-3.1-70B,constructed,d1_F-SS-D_a|d1_F-A-P_a,a,d1_F-SS-D_a,d1_F-A-P_a,NDIF,1,0.0017,0.0032,0.0017,0.0032,0.0024,1,d1_F-A-P_a,0.9997
Llama-3.1-70B,constructed,d1_F-SS-D_a|d1_F-L-D_a,a,d1_F-SS-D_a,d1_F-L-D_a,NDIF,1,0.1067,0.0203,0.1067,0.0203,0.0635,1,d1_F-L-D_a,0.9937
Llama-3.1-70B,constructed,d1_F-SS-D_a|d1_F-L-N_a,a,d1_F-SS-D_a,d1_F-L-N_a,NDIF,1,0.2451,0.8520,0.2451,0.8520,,0,,0.9962
Llama-3.1-70B,constructed,d1_F-SS-D_a|d1_F-L-P_a,a,d1_F-SS-D_a,d1_F-L-P_a,NDIF,1,0.3775,0.8520,0.3775,0.8520,,0,,0.9700
Llama-3.1-70B,constructed,d1_F-SS-D_a|d1_F-SS-P_a,a,d1_F-SS-D_a,d1_F-SS-P_a,NDIF,1,0.4378,0.7773,0.4378,0.7773,,0,,0.9637
Llama-3.1-70B,constructed,d1_F-SS-D_b|d1_F-A-D_b,b,d1_F-SS-D_b,d1_F-A-D_b,NDIF,1,0.0001,0.0007,0.0001,0.0007,0.0004,1,d1_F-A-D_b,1.0000
Llama-3.1-70B,constructed,d1_F-SS-D_b|d1_F-A-N_b,b,d1_F-SS-D_b,d1_F-A-N_b,NDIF,1,0.0003,0.0025,0.0003,0.0025,0.0014,1,d1_F-A-N_b,0.9999
Llama-3.1-70B,constructed,d1_F-SS-D_b|d1_F-A-P_b,b,d1_F-SS-D_b,d1_F-A-P_b,NDIF,1,0.0001,0.0009,0.0001,0.0009,0.0005,1,d1_F-A-P_b,1.0000
Llama-3.1-70B,constructed,d1_F-SS-D_b|d1_F-L-D_b,b,d1_F-SS-D_b,d1_F-L-D_b,NDIF,1,0.0019,0.0141,0.0019,0.0141,0.0080,1,d1_F-L-D_b,0.9922
Llama-3.1-70B,constructed,d1_F-SS-D_b|d1_F-L-N_b,b,d1_F-SS-D_b,d1_F-L-N_b,NDIF,1,0.1480,0.8933,0.1480,0.8933,,0,,0.9985
Llama-3.1-70B,constructed,d1_F-SS-D_b|d1_F-L-P_b,b,d1_F-SS-D_b,d1_F-L-P_b,NDIF,1,0.0059,0.8176,0.0059,0.8176,,0,,0.9984
Llama-3.1-70B,constructed,d1_F-SS-D_b|d1_F-SS-P_b,b,d1_F-SS-D_b,d1_F-SS-P_b,NDIF,1,0.0331,0.6792,0.0331,0.6792,,0,,0.9878
Llama-3.1-70B,constructed,d1_F-SS-D_c|d1_F-A-D_c,c,d1_F-SS-D_c,d1_F-A-D_c,NDIF,1,0.0013,0.0015,0.0013,0.0015,0.0014,1,d1_F-A-D_c,0.9999
Llama-3.1-70B,constructed,d1_F-SS-D_c|d1_F-A-N_c,c,d1_F-SS-D_c,d1_F-A-N_c,NDIF,1,0.0046,0.0097,0.0046,0.0097,0.0072,1,d1_F-A-N_c,0.9987
Llama-3.1-70B,constructed,d1_F-SS-D_c|d1_F-A-P_c,c,d1_F-SS-D_c,d1_F-A-P_c,NDIF,1,0.0022,0.0601,0.0022,0.0601,0.0311,1,d1_F-A-P_c,0.9904
Llama-3.1-70B,constructed,d1_F-SS-D_c|d1_F-L-D_c,c,d1_F-SS-D_c,d1_F-L-D_c,NDIF,1,0.5622,0.0601,0.5622,0.0601,,0,,0.9332
Llama-3.1-70B,constructed,d1_F-SS-D_c|d1_F-L-N_c,c,d1_F-SS-D_c,d1_F-L-N_c,NDIF,1,0.5312,0.8670,0.5312,0.8670,0.6991,1,d1_F-SS-D_c,0.9838
Llama-3.1-70B,constructed,d1_F-SS-D_c|d1_F-L-P_c,c,d1_F-SS-D_c,d1_F-L-P_c,NDIF,1,0.6514,0.5622,0.6514,0.5622,0.6068,1,d1_F-SS-D_c,0.9286
Llama-3.1-70B,constructed,d1_F-SS-D_c|d1_F-SS-P_c,c,d1_F-SS-D_c,d1_F-SS-P_c,NDIF,1,0.4073,0.4073,0.4073,0.4073,0.4073,1,d1_F-SS-P_c,0.9555
Llama-3.1-70B,constructed,d1_F-SS-N_a|d1_F-A-D_a,a,d1_F-SS-N_a,d1_F-A-D_a,NDIF,1,0.0004,0.0002,0.0004,0.0002,0.0003,1,d1_F-A-D_a,1.0000
Llama-3.1-70B,constructed,d1_F-SS-N_a|d1_F-A-N_a,a,d1_F-SS-N_a,d1_F-A-N_a,NDIF,1,0.0025,0.0004,0.0025,0.0004,0.0015,1,d1_F-A-N_a,0.9999
Llama-3.1-70B,constructed,d1_F-SS-N_a|d1_F-A-P_a,a,d1_F-SS-N_a,d1_F-A-P_a,NDIF,1,0.0017,0.0009,0.0017,0.0009,0.0013,1,d1_F-A-P_a,0.9999
Llama-3.1-70B,constructed,d1_F-SS-N_a|d1_F-L-D_a,a,d1_F-SS-N_a,d1_F-L-D_a,NDIF,1,0.0141,0.0331,0.0141,0.0331,0.0236,1,d1_F-L-D_a,0.9992
Llama-3.1-70B,constructed,d1_F-SS-N_a|d1_F-L-N_a,a,d1_F-SS-N_a,d1_F-L-N_a,NDIF,1,0.5927,0.0675,0.5927,0.0675,,0,,0.9929
Llama-3.1-70B,constructed,d1_F-SS-N_a|d1_F-L-P_a,a,d1_F-SS-N_a,d1_F-L-P_a,NDIF,1,0.3208,0.1330,0.3208,0.1330,0.2269,1,d1_F-L-P_a,0.9829
Llama-3.1-70B,constructed,d1_F-SS-N_a|d1_F-SS-D_a,a,d1_F-SS-N_a,d1_F-SS-D_a,NDIF,1,0.4378,0.7311,0.4378,0.7311,,0,,0.9914
Llama-3.1-70B,constructed,d1_F-SS-N_a|d1_F-SS-P_a,a,d1_F-SS-N_a,d1_F-SS-P_a,NDIF,1,0.2018,0.3775,0.2018,0.3775,0.2897,1,d1_F-SS-P_a,0.9855
Llama-3.1-70B,constructed,d1_F-SS-N_b|d1_F-A-D_b,b,d1_F-SS-N_b,d1_F-A-D_b,NDIF,1,0.0000,0.0001,0.0000,0.0001,0.0001,1,d1_F-A-D_b,1.0000
Llama-3.1-70B,constructed,d1_F-SS-N_b|d1_F-A-N_b,b,d1_F-SS-N_b,d1_F-A-N_b,NDIF,1,0.0003,0.0004,0.0003,0.0004,0.0004,1,d1_F-A-N_b,1.0000
Llama-3.1-70B,constructed,d1_F-SS-N_b|d1_F-A-P_b,b,d1_F-SS-N_b,d1_F-A-P_b,NDIF,1,0.0001,0.0003,0.0001,0.0003,0.0002,1,d1_F-A-P_b,1.0000
Llama-3.1-70B,constructed,d1_F-SS-N_b|d1_F-L-D_b,b,d1_F-SS-N_b,d1_F-L-D_b,NDIF,1,0.0003,0.0025,0.0003,0.0025,0.0014,1,d1_F-L-D_b,1.0000
Llama-3.1-70B,constructed,d1_F-SS-N_b|d1_F-L-N_b,b,d1_F-SS-N_b,d1_F-L-N_b,NDIF,1,0.1645,0.0141,0.1645,0.0141,0.0893,1,d1_F-L-N_b,0.9974
Llama-3.1-70B,constructed,d1_F-SS-N_b|d1_F-L-P_b,b,d1_F-SS-N_b,d1_F-L-P_b,NDIF,1,0.0052,0.0953,0.0052,0.0953,0.0503,1,d1_F-L-P_b,0.9998
Llama-3.1-70B,constructed,d1_F-SS-N_b|d1_F-SS-D_b,b,d1_F-SS-N_b,d1_F-SS-D_b,NDIF,1,0.0851,0.9740,0.0851,0.9740,,0,,0.9985
Llama-3.1-70B,constructed,d1_F-SS-N_b|d1_F-SS-P_b,b,d1_F-SS-N_b,d1_F-SS-P_b,NDIF,1,0.0331,0.9579,0.0331,0.9579,,0,,0.9996
Llama-3.1-70B,constructed,d1_F-SS-N_c|d1_F-A-D_c,c,d1_F-SS-N_c,d1_F-A-D_c,NDIF,1,0.0012,0.0003,0.0012,0.0003,0.0007,1,d1_F-A-D_c,0.9999
Llama-3.1-70B,constructed,d1_F-SS-N_c|d1_F-A-N_c,c,d1_F-SS-N_c,d1_F-A-N_c,NDIF,1,0.0036,0.0008,0.0036,0.0008,0.0022,1,d1_F-A-N_c,0.9998
Llama-3.1-70B,constructed,d1_F-SS-N_c|d1_F-A-P_c,c,d1_F-SS-N_c,d1_F-A-P_c,NDIF,1,0.0013,0.0017,0.0013,0.0017,0.0015,1,d1_F-A-P_c,0.9998
Llama-3.1-70B,constructed,d1_F-SS-N_c|d1_F-L-D_c,c,d1_F-SS-N_c,d1_F-L-D_c,NDIF,1,0.1480,0.0474,0.1480,0.0474,0.0977,1,d1_F-L-D_c,0.9730
Llama-3.1-70B,constructed,d1_F-SS-N_c|d1_F-L-N_c,c,d1_F-SS-N_c,d1_F-L-N_c,NDIF,1,0.6792,0.2018,0.6792,0.2018,,0,,0.9789
Llama-3.1-70B,constructed,d1_F-SS-N_c|d1_F-L-P_c,c,d1_F-SS-N_c,d1_F-L-P_c,NDIF,1,0.5000,0.1192,0.5000,0.1192,,0,,0.9377
Llama-3.1-70B,constructed,d1_F-SS-N_c|d1_F-SS-D_c,c,d1_F-SS-N_c,d1_F-SS-D_c,NDIF,1,0.4073,0.7773,0.4073,0.7773,,0,,0.9694
Llama-3.1-70B,constructed,d1_F-SS-N_c|d1_F-SS-P_c,c,d1_F-SS-N_c,d1_F-SS-P_c,NDIF,1,0.0534,0.2689,0.0534,0.2689,0.1612,1,d1_F-SS-P_c,0.9927
Llama-3.1-70B,constructed,d1_F-SS-P_a|d1_F-A-D_a,a,d1_F-SS-P_a,d1_F-A-D_a,NDIF,1,0.0010,0.0009,0.0010,0.0009,0.0010,1,d1_F-A-D_a,0.9999
Llama-3.1-70B,constructed,d1_F-SS-P_a|d1_F-A-N_a,a,d1_F-SS-P_a,d1_F-A-N_a,NDIF,1,0.0097,0.0097,0.0097,0.0097,0.0097,1,d1_F-A-N_a,0.9993
Llama-3.1-70B,constructed,d1_F-SS-P_a|d1_F-A-P_a,a,d1_F-SS-P_a,d1_F-A-P_a,NDIF,1,0.0010,0.0067,0.0010,0.0067,0.0039,1,d1_F-A-P_a,0.9982
Llama-3.1-70B,constructed,d1_F-SS-P_a|d1_F-L-D_a,a,d1_F-SS-P_a,d1_F-L-D_a,NDIF,1,0.0293,0.0373,0.0293,0.0373,0.0333,1,d1_F-L-D_a,0.9859
Llama-3.1-70B,constructed,d1_F-SS-P_a|d1_F-L-N_a,a,d1_F-SS-P_a,d1_F-L-N_a,NDIF,1,0.5927,0.6514,0.5927,0.6514,0.6220,1,d1_F-SS-P_a,0.9825
Llama-3.1-70B,constructed,d1_F-SS-P_a|d1_F-L-P_a,a,d1_F-SS-P_a,d1_F-L-P_a,NDIF,1,0.5927,0.1192,0.5927,0.1192,,0,,0.9257
Llama-3.1-70B,constructed,d1_F-SS-P_b|d1_F-A-D_b,b,d1_F-SS-P_b,d1_F-A-D_b,NDIF,1,0.0001,0.0002,0.0001,0.0002,0.0001,1,d1_F-A-D_b,1.0000
Llama-3.1-70B,constructed,d1_F-SS-P_b|d1_F-A-N_b,b,d1_F-SS-P_b,d1_F-A-N_b,NDIF,1,0.0002,0.0015,0.0002,0.0015,0.0009,1,d1_F-A-N_b,1.0000
Llama-3.1-70B,constructed,d1_F-SS-P_b|d1_F-A-P_b,b,d1_F-SS-P_b,d1_F-A-P_b,NDIF,1,0.0001,0.0004,0.0001,0.0004,0.0003,1,d1_F-A-P_b,1.0000
Llama-3.1-70B,constructed,d1_F-SS-P_b|d1_F-L-D_b,b,d1_F-SS-P_b,d1_F-L-D_b,NDIF,1,0.0003,0.0067,0.0003,0.0067,0.0035,1,d1_F-L-D_b,0.9999
Llama-3.1-70B,constructed,d1_F-SS-P_b|d1_F-L-N_b,b,d1_F-SS-P_b,d1_F-L-N_b,NDIF,1,0.1824,0.5622,0.1824,0.5622,,0,,0.9993
Llama-3.1-70B,constructed,d1_F-SS-P_b|d1_F-L-P_b,b,d1_F-SS-P_b,d1_F-L-P_b,NDIF,1,0.0373,0.0097,0.0373,0.0097,0.0235,1,d1_F-L-P_b,0.9697
Llama-3.1-70B,constructed,d1_F-SS-P_c|d1_F-A-D_c,c,d1_F-SS-P_c,d1_F-A-D_c,NDIF,1,0.0028,0.0019,0.0028,0.0019,0.0024,1,d1_F-A-D_c,0.9997
Llama-3.1-70B,constructed,d1_F-SS-P_c|d1_F-A-N_c,c,d1_F-SS-P_c,d1_F-A-N_c,NDIF,1,0.0141,0.0110,0.0141,0.0110,0.0125,1,d1_F-A-N_c,0.9989
Llama-3.1-70B,constructed,d1_F-SS-P_c|d1_F-A-P_c,c,d1_F-SS-P_c,d1_F-A-P_c,NDIF,1,0.0017,0.0067,0.0017,0.0067,0.0042,1,d1_F-A-P_c,0.9971
Llama-3.1-70B,constructed,d1_F-SS-P_c|d1_F-L-D_c,c,d1_F-SS-P_c,d1_F-L-D_c,NDIF,1,0.5312,0.0675,0.5312,0.0675,,0,,0.9583
Llama-3.1-70B,constructed,d1_F-SS-P_c|d1_F-L-N_c,c,d1_F-SS-P_c,d1_F-L-N_c,NDIF,1,0.7773,0.7311,0.7773,0.7311,0.7542,1,d1_F-SS-P_c,0.9803
Llama-3.1-70B,constructed,d1_F-SS-P_c|d1_F-L-P_c,c,d1_F-SS-P_c,d1_F-L-P_c,NDIF,1,0.8670,0.0851,0.8670,0.0851,,0,,0.9171
Llama-3.1-70B,main,d1_A_a|d1_D12_a,a,d1_A_a,d1_D12_a,NDIF,1,0.9924,0.9996,0.9924,0.9996,0.9960,1,d1_A_a,0.9998
Llama-3.1-70B,main,d1_A_a|d1_D4_a,a,d1_A_a,d1_D4_a,NDIF,1,0.9859,0.9797,0.9859,0.9797,0.9828,1,d1_A_a,0.9998
Llama-3.1-70B,main,d1_A_a|d1_L_a,a,d1_A_a,d1_L_a,CoreWeave,1,0.9964,0.9996,0.9964,0.9996,0.9980,1,d1_A_a,0.9998
Llama-3.1-70B,main,d1_A_a|d1_Lp_a,a,d1_A_a,d1_Lp_a,CoreWeave,1,0.9990,0.9981,0.9990,0.9981,0.9985,1,d1_A_a,1.0000
Llama-3.1-70B,main,d1_A_a|d1_M_a,a,d1_A_a,d1_M_a,CoreWeave,1,0.9996,0.9998,0.9996,0.9998,0.9997,1,d1_A_a,1.0000
Llama-3.1-70B,main,d1_A_a|d1_SN_a,a,d1_A_a,d1_SN_a,CoreWeave,1,0.9924,0.9972,0.9924,0.9972,0.9948,1,d1_A_a,0.9997
Llama-3.1-70B,main,d1_A_a|d1_SS_a,a,d1_A_a,d1_SS_a,CoreWeave,1,0.9997,0.9998,0.9997,0.9998,0.9998,1,d1_A_a,1.0000
Llama-3.1-70B,main,d1_A_a|d1_S_a,a,d1_A_a,d1_S_a,NDIF,1,0.9988,0.9997,0.9988,0.9997,0.9992,1,d1_A_a,0.9998
Llama-3.1-70B,main,d1_A_a|d1_W_a,a,d1_A_a,d1_W_a,CoreWeave,1,0.9975,0.9996,0.9975,0.9996,0.9985,1,d1_A_a,0.9999
Llama-3.1-70B,main,d1_A_b|d1_D12_b,b,d1_A_b,d1_D12_b,NDIF,1,0.9999,1.0000,0.9999,1.0000,0.9999,1,d1_A_b,1.0000
Llama-3.1-70B,main,d1_A_b|d1_D4_b,b,d1_A_b,d1_D4_b,NDIF,1,0.9876,0.9997,0.9876,0.9997,0.9936,1,d1_A_b,1.0000
Llama-3.1-70B,main,d1_A_b|d1_L_b,b,d1_A_b,d1_L_b,CoreWeave,1,0.9985,0.9999,0.9985,0.9999,0.9992,1,d1_A_b,1.0000
Llama-3.1-70B,main,d1_A_b|d1_Lp_b,b,d1_A_b,d1_Lp_b,CoreWeave,1,0.9999,0.9999,0.9999,0.9999,0.9999,1,d1_A_b,1.0000
Llama-3.1-70B,main,d1_A_b|d1_M_b,b,d1_A_b,d1_M_b,CoreWeave,1,1.0000,1.0000,1.0000,1.0000,1.0000,1,d1_A_b,1.0000
Llama-3.1-70B,main,d1_A_b|d1_SN_b,b,d1_A_b,d1_SN_b,CoreWeave,1,0.9991,1.0000,0.9991,1.0000,0.9995,1,d1_A_b,1.0000
Llama-3.1-70B,main,d1_A_b|d1_SS_b,b,d1_A_b,d1_SS_b,CoreWeave,1,1.0000,1.0000,1.0000,1.0000,1.0000,1,d1_A_b,1.0000
Llama-3.1-70B,main,d1_A_b|d1_S_b,b,d1_A_b,d1_S_b,NDIF,1,1.0000,1.0000,1.0000,1.0000,1.0000,1,d1_A_b,1.0000
Llama-3.1-70B,main,d1_A_b|d1_W_b,b,d1_A_b,d1_W_b,CoreWeave,1,0.9998,0.9999,0.9998,0.9999,0.9999,1,d1_A_b,1.0000
Llama-3.1-70B,main,d1_A_c|d1_D12_c,c,d1_A_c,d1_D12_c,NDIF,1,0.9968,0.9994,0.9968,0.9994,0.9981,1,d1_A_c,0.9989
Llama-3.1-70B,main,d1_A_c|d1_D4_c,c,d1_A_c,d1_D4_c,NDIF,1,0.9988,0.9941,0.9988,0.9941,0.9965,1,d1_A_c,0.9997
Llama-3.1-70B,main,d1_A_c|d1_L_c,c,d1_A_c,d1_L_c,CoreWeave,1,0.9978,0.9998,0.9978,0.9998,0.9988,1,d1_A_c,0.9998
Llama-3.1-70B,main,d1_A_c|d1_Lp_c,c,d1_A_c,d1_Lp_c,CoreWeave,1,0.9933,0.9972,0.9933,0.9972,0.9953,1,d1_A_c,0.9996
Llama-3.1-70B,main,d1_A_c|d1_M_c,c,d1_A_c,d1_M_c,CoreWeave,1,0.9996,0.9999,0.9996,0.9999,0.9997,1,d1_A_c,1.0000
Llama-3.1-70B,main,d1_A_c|d1_SN_c,c,d1_A_c,d1_SN_c,CoreWeave,1,0.9990,0.9994,0.9990,0.9994,0.9992,1,d1_A_c,0.9998
Llama-3.1-70B,main,d1_A_c|d1_SS_c,c,d1_A_c,d1_SS_c,CoreWeave,1,0.9996,0.9999,0.9996,0.9999,0.9997,1,d1_A_c,0.9999
Llama-3.1-70B,main,d1_A_c|d1_S_c,c,d1_A_c,d1_S_c,NDIF,1,0.9998,0.9997,0.9998,0.9997,0.9998,1,d1_A_c,0.9999
Llama-3.1-70B,main,d1_A_c|d1_W_c,c,d1_A_c,d1_W_c,CoreWeave,1,0.9991,0.9997,0.9991,0.9997,0.9994,1,d1_A_c,0.9999
Llama-3.1-70B,main,d1_D4_a|d1_D12_a,a,d1_D4_a,d1_D12_a,CoreWeave,1,0.5622,0.2018,0.5622,0.2018,,0,,0.9967
Llama-3.1-70B,main,d1_D4_a|d1_L_a,a,d1_D4_a,d1_L_a,CoreWeave,1,0.7982,0.0601,0.7982,0.0601,,0,,0.9940
Llama-3.1-70B,main,d1_D4_b|d1_D12_b,b,d1_D4_b,d1_D12_b,CoreWeave,1,0.9914,0.9707,0.9914,0.9707,0.9811,1,d1_D4_b,0.9998
Llama-3.1-70B,main,d1_D4_b|d1_L_b,b,d1_D4_b,d1_L_b,CoreWeave,1,0.9876,0.8355,0.9876,0.8355,0.9115,1,d1_D4_b,0.9996
Llama-3.1-70B,main,d1_D4_c|d1_D12_c,c,d1_D4_c,d1_D12_c,CoreWeave,1,0.5927,0.0759,0.5927,0.0759,,0,,0.9663
Llama-3.1-70B,main,d1_D4_c|d1_L_c,c,d1_D4_c,d1_L_c,CoreWeave,1,0.5927,0.0293,0.5927,0.0293,,0,,0.9851
Llama-3.1-70B,main,d1_L_a|d1_D12_a,a,d1_L_a,d1_D12_a,CoreWeave,1,0.9707,0.0675,0.9707,0.0675,,0,,0.9692
Llama-3.1-70B,main,d1_L_a|d1_Lp_a,a,d1_L_a,d1_Lp_a,NDIF,1,0.6792,0.9669,0.6792,0.9669,0.8230,1,d1_L_a,0.9993
Llama-3.1-70B,main,d1_L_a|d1_SN_a,a,d1_L_a,d1_SN_a,CoreWeave,1,0.7982,0.2689,0.7982,0.2689,,0,,0.9904
Llama-3.1-70B,main,d1_L_a|d1_SS_a,a,d1_L_a,d1_SS_a,CoreWeave,1,0.8520,0.9859,0.8520,0.9859,0.9189,1,d1_L_a,0.9965
Llama-3.1-70B,main,d1_L_a|d1_S_a,a,d1_L_a,d1_S_a,CoreWeave,1,0.9841,0.9466,0.9841,0.9466,0.9653,1,d1_L_a,0.9743
Llama-3.1-70B,main,d1_L_b|d1_D12_b,b,d1_L_b,d1_D12_b,CoreWeave,1,0.9841,0.8355,0.9841,0.8355,0.9098,1,d1_L_b,0.9992
Llama-3.1-70B,main,d1_L_b|d1_Lp_b,b,d1_L_b,d1_Lp_b,NDIF,1,0.3775,0.9740,0.3775,0.9740,,0,,0.9988
Llama-3.1-70B,main,d1_L_b|d1_SN_b,b,d1_L_b,d1_SN_b,CoreWeave,1,0.0036,0.9627,0.0036,0.9627,,0,,0.9998
Llama-3.1-70B,main,d1_L_b|d1_SS_b,b,d1_L_b,d1_SS_b,CoreWeave,1,0.9954,0.9998,0.9954,0.9998,0.9976,1,d1_L_b,1.0000
Llama-3.1-70B,main,d1_L_b|d1_S_b,b,d1_L_b,d1_S_b,CoreWeave,1,0.9954,0.9995,0.9954,0.9995,0.9975,1,d1_L_b,0.9999
Llama-3.1-70B,main,d1_L_c|d1_D12_c,c,d1_L_c,d1_D12_c,CoreWeave,1,0.8355,0.1192,0.8355,0.1192,,0,,0.9604
Llama-3.1-70B,main,d1_L_c|d1_Lp_c,c,d1_L_c,d1_Lp_c,NDIF,1,0.4378,0.5927,0.4378,0.5927,,0,,0.9878
Llama-3.1-70B,main,d1_L_c|d1_SN_c,c,d1_L_c,d1_SN_c,CoreWeave,1,0.7058,0.3486,0.7058,0.3486,,0,,0.9790
Llama-3.1-70B,main,d1_L_c|d1_SS_c,c,d1_L_c,d1_SS_c,CoreWeave,1,0.7058,0.6792,0.7058,0.6792,0.6925,1,d1_L_c,0.9499
Llama-3.1-70B,main,d1_L_c|d1_S_c,c,d1_L_c,d1_S_c,CoreWeave,1,0.9707,0.6792,0.9707,0.6792,0.8249,1,d1_L_c,0.9693
Llama-3.1-70B,main,d1_Lp_a|d1_D12_a,a,d1_Lp_a,d1_D12_a,NDIF,1,0.0675,0.7058,0.0675,0.7058,,0,,0.9993
Llama-3.1-70B,main,d1_Lp_a|d1_D4_a,a,d1_Lp_a,d1_D4_a,NDIF,1,0.2018,0.0759,0.2018,0.0759,0.1388,1,d1_D4_a,0.9994
Llama-3.1-70B,main,d1_Lp_a|d1_SN_a,a,d1_Lp_a,d1_SN_a,CoreWeave,1,0.0141,0.4378,0.0141,0.4378,0.2259,1,d1_SN_a,0.9996
Llama-3.1-70B,main,d1_Lp_a|d1_S_a,a,d1_Lp_a,d1_S_a,CoreWeave,1,0.0124,0.6792,0.0124,0.6792,,0,,0.9992
Llama-3.1-70B,main,d1_Lp_b|d1_D12_b,b,d1_Lp_b,d1_D12_b,NDIF,1,0.1192,0.8355,0.1192,0.8355,,0,,0.9993
Llama-3.1-70B,main,d1_Lp_b|d1_D4_b,b,d1_Lp_b,d1_D4_b,NDIF,1,0.0110,0.2018,0.0110,0.2018,0.1064,1,d1_D4_b,0.9995
Llama-3.1-70B,main,d1_Lp_b|d1_SN_b,b,d1_Lp_b,d1_SN_b,CoreWeave,1,0.0046,0.6225,0.0046,0.6225,,0,,0.9995
Llama-3.1-70B,main,d1_Lp_b|d1_S_b,b,d1_Lp_b,d1_S_b,CoreWeave,1,0.0260,0.9526,0.0260,0.9526,,0,,0.9994
Llama-3.1-70B,main,d1_Lp_c|d1_D12_c,c,d1_Lp_c,d1_D12_c,NDIF,1,0.8355,0.7058,0.8355,0.7058,0.7706,1,d1_Lp_c,0.9912
Llama-3.1-70B,main,d1_Lp_c|d1_D4_c,c,d1_Lp_c,d1_D4_c,NDIF,1,0.2942,0.7058,0.2942,0.7058,,0,,0.9965
Llama-3.1-70B,main,d1_Lp_c|d1_SN_c,c,d1_Lp_c,d1_SN_c,CoreWeave,1,0.1824,0.7058,0.1824,0.7058,,0,,0.9941
Llama-3.1-70B,main,d1_Lp_c|d1_S_c,c,d1_Lp_c,d1_S_c,CoreWeave,1,0.2018,0.7058,0.2018,0.7058,,0,,0.9948
Llama-3.1-70B,main,d1_M_a|d1_D12_a,a,d1_M_a,d1_D12_a,NDIF,1,0.1330,0.0851,0.1330,0.0851,0.1090,1,d1_D12_a,0.9870
Llama-3.1-70B,main,d1_M_a|d1_D4_a,a,d1_M_a,d1_D4_a,NDIF,1,0.0036,0.6792,0.0036,0.6792,,0,,0.9995
Llama-3.1-70B,main,d1_M_a|d1_L_a,a,d1_M_a,d1_L_a,CoreWeave,1,0.0373,0.0601,0.0373,0.0601,0.0487,1,d1_L_a,0.9967
Llama-3.1-70B,main,d1_M_a|d1_Lp_a,a,d1_M_a,d1_Lp_a,CoreWeave,1,0.0421,0.9740,0.0421,0.9740,,0,,0.9998
Llama-3.1-70B,main,d1_M_a|d1_SS_a,a,d1_M_a,d1_SS_a,CoreWeave,1,0.5622,0.2689,0.5622,0.2689,,0,,0.9820
Llama-3.1-70B,main,d1_M_a|d1_S_a,a,d1_M_a,d1_S_a,CoreWeave,1,0.9579,0.0851,0.9579,0.0851,,0,,0.9746
Llama-3.1-70B,main,d1_M_b|d1_D12_b,b,d1_M_b,d1_D12_b,NDIF,1,0.0008,0.1192,0.0008,0.1192,0.0600,1,d1_D12_b,0.9998
Llama-3.1-70B,main,d1_M_b|d1_D4_b,b,d1_M_b,d1_D4_b,NDIF,1,0.0001,0.0004,0.0001,0.0004,0.0003,1,d1_D4_b,1.0000
Llama-3.1-70B,main,d1_M_b|d1_L_b,b,d1_M_b,d1_L_b,CoreWeave,1,0.0001,0.0331,0.0001,0.0331,0.0166,1,d1_L_b,1.0000
Llama-3.1-70B,main,d1_M_b|d1_Lp_b,b,d1_M_b,d1_Lp_b,CoreWeave,1,0.0076,0.9627,0.0076,0.9627,,0,,0.9999
Llama-3.1-70B,main,d1_M_b|d1_SS_b,b,d1_M_b,d1_SS_b,CoreWeave,1,0.8520,0.9707,0.8520,0.9707,0.9113,1,d1_M_b,0.9921
Llama-3.1-70B,main,d1_M_b|d1_S_b,b,d1_M_b,d1_S_b,CoreWeave,1,0.7549,0.6792,0.7549,0.6792,0.7170,1,d1_M_b,0.9918
Llama-3.1-70B,main,d1_M_c|d1_D12_c,c,d1_M_c,d1_D12_c,NDIF,1,0.4378,0.1330,0.4378,0.1330,0.2854,1,d1_D12_c,0.9558
Llama-3.1-70B,main,d1_M_c|d1_D4_c,c,d1_M_c,d1_D4_c,NDIF,1,0.0534,0.6514,0.0534,0.6514,,0,,0.9743
Llama-3.1-70B,main,d1_M_c|d1_L_c,c,d1_M_c,d1_L_c,CoreWeave,1,0.3486,0.0675,0.3486,0.0675,0.2081,1,d1_L_c,0.9689
Llama-3.1-70B,main,d1_M_c|d1_Lp_c,c,d1_M_c,d1_Lp_c,CoreWeave,1,0.0953,0.7982,0.0953,0.7982,,0,,0.9967
Llama-3.1-70B,main,d1_M_c|d1_SS_c,c,d1_M_c,d1_SS_c,CoreWeave,1,0.6792,0.2942,0.6792,0.2942,,0,,0.9511
Llama-3.1-70B,main,d1_M_c|d1_S_c,c,d1_M_c,d1_S_c,CoreWeave,1,0.9707,0.1330,0.9707,0.1330,,0,,0.9652
Llama-3.1-70B,main,d1_SN_a|d1_D12_a,a,d1_SN_a,d1_D12_a,NDIF,1,0.6225,0.5312,0.6225,0.5312,0.5768,1,d1_SN_a,0.9904
Llama-3.1-70B,main,d1_SN_a|d1_D4_a,a,d1_SN_a,d1_D4_a,NDIF,1,0.0759,0.8808,0.0759,0.8808,,0,,0.9996
Llama-3.1-70B,main,d1_SN_a|d1_M_a,a,d1_SN_a,d1_M_a,CoreWeave,1,0.9933,0.8933,0.9933,0.8933,0.9433,1,d1_SN_a,0.9925
Llama-3.1-70B,main,d1_SN_a|d1_SS_a,a,d1_SN_a,d1_SS_a,CoreWeave,1,0.9876,0.9841,0.9876,0.9841,0.9858,1,d1_SN_a,0.9981
Llama-3.1-70B,main,d1_SN_a|d1_S_a,a,d1_SN_a,d1_S_a,CoreWeave,1,0.9924,0.9149,0.9924,0.9149,0.9537,1,d1_SN_a,0.9908
Llama-3.1-70B,main,d1_SN_a|d1_W_a,a,d1_SN_a,d1_W_a,CoreWeave,1,0.9859,0.7058,0.9859,0.7058,0.8459,1,d1_SN_a,0.9848
Llama-3.1-70B,main,d1_SN_b|d1_D12_b,b,d1_SN_b,d1_D12_b,NDIF,1,0.7773,0.9988,0.7773,0.9988,0.8881,1,d1_SN_b,0.9998
Llama-3.1-70B,main,d1_SN_b|d1_D4_b,b,d1_SN_b,d1_D4_b,NDIF,1,0.0110,0.0180,0.0110,0.0180,0.0145,1,d1_D4_b,0.9999
Llama-3.1-70B,main,d1_SN_b|d1_M_b,b,d1_SN_b,d1_M_b,CoreWeave,1,0.9903,0.9999,0.9903,0.9999,0.9951,1,d1_SN_b,1.0000
Llama-3.1-70B,main,d1_SN_b|d1_SS_b,b,d1_SN_b,d1_SS_b,CoreWeave,1,0.9968,0.9999,0.9968,0.9999,0.9984,1,d1_SN_b,1.0000
Llama-3.1-70B,main,d1_SN_b|d1_S_b,b,d1_SN_b,d1_S_b,CoreWeave,1,0.9948,0.9993,0.9948,0.9993,0.9970,1,d1_SN_b,0.9993
Llama-3.1-70B,main,d1_SN_b|d1_W_b,b,d1_SN_b,d1_W_b,CoreWeave,1,0.8933,0.9975,0.8933,0.9975,0.9454,1,d1_SN_b,0.9991
Llama-3.1-70B,main,d1_SN_c|d1_D12_c,c,d1_SN_c,d1_D12_c,NDIF,1,0.6225,0.4688,0.6225,0.4688,,0,,0.9631
Llama-3.1-70B,main,d1_SN_c|d1_D4_c,c,d1_SN_c,d1_D4_c,NDIF,1,0.3486,0.5622,0.3486,0.5622,,0,,0.9934
Llama-3.1-70B,main,d1_SN_c|d1_M_c,c,d1_SN_c,d1_M_c,CoreWeave,1,0.9241,0.9047,0.9241,0.9047,0.9144,1,d1_SN_c,0.9543
Llama-3.1-70B,main,d1_SN_c|d1_SS_c,c,d1_SN_c,d1_SS_c,CoreWeave,1,0.7773,0.9149,0.7773,0.9149,0.8461,1,d1_SN_c,0.9636
Llama-3.1-70B,main,d1_SN_c|d1_S_c,c,d1_SN_c,d1_S_c,CoreWeave,1,0.9770,0.9241,0.9770,0.9241,0.9506,1,d1_SN_c,0.9668
Llama-3.1-70B,main,d1_SN_c|d1_W_c,c,d1_SN_c,d1_W_c,CoreWeave,1,0.9466,0.5312,0.9466,0.5312,0.7389,1,d1_SN_c,0.9805
Llama-3.1-70B,main,d1_SS_a|d1_D12_a,a,d1_SS_a,d1_D12_a,NDIF,1,0.0293,0.0373,0.0293,0.0373,0.0333,1,d1_D12_a,0.9684
Llama-3.1-70B,main,d1_SS_a|d1_D4_a,a,d1_SS_a,d1_D4_a,NDIF,1,0.0015,0.9047,0.0015,0.9047,,0,,0.9995
Llama-3.1-70B,main,d1_SS_a|d1_Lp_a,a,d1_SS_a,d1_Lp_a,NDIF,1,0.0373,0.9876,0.0373,0.9876,,0,,0.9997
Llama-3.1-70B,main,d1_SS_a|d1_S_a,a,d1_SS_a,d1_S_a,CoreWeave,1,0.9579,0.4073,0.9579,0.4073,,0,,0.9676
Llama-3.1-70B,main,d1_SS_b|d1_D12_b,b,d1_SS_b,d1_D12_b,NDIF,1,0.0004,0.0421,0.0004,0.0421,0.0213,1,d1_D12_b,0.9991
Llama-3.1-70B,main,d1_SS_b|d1_D4_b,b,d1_SS_b,d1_D4_b,NDIF,1,0.0001,0.0002,0.0001,0.0002,0.0002,1,d1_D4_b,1.0000
Llama-3.1-70B,main,d1_SS_b|d1_Lp_b,b,d1_SS_b,d1_Lp_b,NDIF,1,0.0097,0.6225,0.0097,0.6225,,0,,0.9998
Llama-3.1-70B,main,d1_SS_b|d1_S_b,b,d1_SS_b,d1_S_b,CoreWeave,1,0.2689,0.0025,0.2689,0.0025,0.1357,1,d1_S_b,0.9957
Llama-3.1-70B,main,d1_SS_c|d1_D12_c,c,d1_SS_c,d1_D12_c,NDIF,1,0.5000,0.1645,0.5000,0.1645,,0,,0.9238
Llama-3.1-70B,main,d1_SS_c|d1_D4_c,c,d1_SS_c,d1_D4_c,NDIF,1,0.2689,0.8520,0.2689,0.8520,,0,,0.9755
Llama-3.1-70B,main,d1_SS_c|d1_Lp_c,c,d1_SS_c,d1_Lp_c,NDIF,1,0.2689,0.6225,0.2689,0.6225,,0,,0.9892
Llama-3.1-70B,main,d1_SS_c|d1_S_c,c,d1_SS_c,d1_S_c,CoreWeave,1,0.9669,0.3208,0.9669,0.3208,,0,,0.9551
Llama-3.1-70B,main,d1_S_a|d1_D12_a,a,d1_S_a,d1_D12_a,NDIF,1,0.0953,0.0159,0.0953,0.0159,0.0556,1,d1_D12_a,0.9737
Llama-3.1-70B,main,d1_S_a|d1_D4_a,a,d1_S_a,d1_D4_a,NDIF,1,0.0067,0.5000,0.0067,0.5000,,0,,0.9984
Llama-3.1-70B,main,d1_S_b|d1_D12_b,b,d1_S_b,d1_D12_b,NDIF,1,0.0036,0.0675,0.0036,0.0675,0.0356,1,d1_D12_b,0.9975
Llama-3.1-70B,main,d1_S_b|d1_D4_b,b,d1_S_b,d1_D4_b,NDIF,1,0.0003,0.0008,0.0003,0.0008,0.0005,1,d1_D4_b,1.0000
Llama-3.1-70B,main,d1_S_c|d1_D12_c,c,d1_S_c,d1_D12_c,NDIF,1,0.4688,0.0851,0.4688,0.0851,0.2769,1,d1_D12_c,0.9321
Llama-3.1-70B,main,d1_S_c|d1_D4_c,c,d1_S_c,d1_D4_c,NDIF,1,0.0421,0.6792,0.0421,0.6792,,0,,0.9918
Llama-3.1-70B,main,d1_W_a|d1_D12_a,a,d1_W_a,d1_D12_a,NDIF,1,0.2018,0.4378,0.2018,0.4378,0.3198,1,d1_D12_a,0.9916
Llama-3.1-70B,main,d1_W_a|d1_D4_a,a,d1_W_a,d1_D4_a,NDIF,1,0.0110,0.1330,0.0110,0.1330,0.0720,1,d1_D4_a,0.9985
Llama-3.1-70B,main,d1_W_a|d1_L_a,a,d1_W_a,d1_L_a,CoreWeave,1,0.1645,0.1067,0.1645,0.1067,0.1356,1,d1_L_a,0.9942
Llama-3.1-70B,main,d1_W_a|d1_Lp_a,a,d1_W_a,d1_Lp_a,CoreWeave,1,0.0534,0.9707,0.0534,0.9707,,0,,0.9994
Llama-3.1-70B,main,d1_W_a|d1_M_a,a,d1_W_a,d1_M_a,CoreWeave,1,0.8520,0.5312,0.8520,0.5312,0.6916,1,d1_W_a,0.9780
Llama-3.1-70B,main,d1_W_a|d1_SS_a,a,d1_W_a,d1_SS_a,CoreWeave,1,0.6792,0.6792,0.6792,0.6792,0.6792,1,d1_W_a,0.9862
Llama-3.1-70B,main,d1_W_a|d1_S_a,a,d1_W_a,d1_S_a,CoreWeave,1,0.9149,0.7311,0.9149,0.7311,0.8230,1,d1_W_a,0.9623
Llama-3.1-70B,main,d1_W_b|d1_D12_b,b,d1_W_b,d1_D12_b,NDIF,1,0.8355,0.7982,0.8355,0.7982,0.8168,1,d1_W_b,0.9996
Llama-3.1-70B,main,d1_W_b|d1_D4_b,b,d1_W_b,d1_D4_b,NDIF,1,0.0076,0.0059,0.0076,0.0059,0.0067,1,d1_D4_b,0.9999
Llama-3.1-70B,main,d1_W_b|d1_L_b,b,d1_W_b,d1_L_b,CoreWeave,1,0.0230,0.1192,0.0230,0.1192,0.0711,1,d1_L_b,0.9997
Llama-3.1-70B,main,d1_W_b|d1_Lp_b,b,d1_W_b,d1_Lp_b,CoreWeave,1,0.1192,0.9797,0.1192,0.9797,,0,,0.9994
Llama-3.1-70B,main,d1_W_b|d1_M_b,b,d1_W_b,d1_M_b,CoreWeave,1,0.5622,0.9992,0.5622,0.9992,0.7807,1,d1_W_b,0.9999
Llama-3.1-70B,main,d1_W_b|d1_SS_b,b,d1_W_b,d1_SS_b,CoreWeave,1,0.9740,0.9992,0.9740,0.9992,0.9866,1,d1_W_b,0.9999
Llama-3.1-70B,main,d1_W_b|d1_S_b,b,d1_W_b,d1_S_b,CoreWeave,1,0.9466,0.9975,0.9466,0.9975,0.9721,1,d1_W_b,0.9987
Llama-3.1-70B,main,d1_W_c|d1_D12_c,c,d1_W_c,d1_D12_c,NDIF,1,0.4688,0.2451,0.4688,0.2451,0.3569,1,d1_D12_c,0.9712
Llama-3.1-70B,main,d1_W_c|d1_D4_c,c,d1_W_c,d1_D4_c,NDIF,1,0.0851,0.2942,0.0851,0.2942,0.1897,1,d1_D4_c,0.9815
Llama-3.1-70B,main,d1_W_c|d1_L_c,c,d1_W_c,d1_L_c,CoreWeave,1,0.5312,0.0759,0.5312,0.0759,,0,,0.9747
Llama-3.1-70B,main,d1_W_c|d1_Lp_c,c,d1_W_c,d1_Lp_c,CoreWeave,1,0.2018,0.7549,0.2018,0.7549,,0,,0.9934
Llama-3.1-70B,main,d1_W_c|d1_M_c,c,d1_W_c,d1_M_c,CoreWeave,1,0.8355,0.4378,0.8355,0.4378,,0,,0.9358
Llama-3.1-70B,main,d1_W_c|d1_SS_c,c,d1_W_c,d1_SS_c,CoreWeave,1,0.6514,0.4688,0.6514,0.4688,,0,,0.9596
Llama-3.1-70B,main,d1_W_c|d1_S_c,c,d1_W_c,d1_S_c,CoreWeave,1,0.9627,0.3775,0.9627,0.3775,,0,,0.9495
Llama-3.3-70B (own conversations),main,d1_A_a|d1_L_a,a,d1_A_a,d1_L_a,AkashML,1,1.0000,1.0000,1.0000,1.0000,1.0000,1,d1_A_a,1.0000
Llama-3.3-70B (own conversations),main,d1_A_a|d1_Lp_a,a,d1_A_a,d1_Lp_a,AkashML,1,1.0000,1.0000,1.0000,1.0000,1.0000,1,d1_A_a,1.0000
Llama-3.3-70B (own conversations),main,d1_A_a|d1_M_a,a,d1_A_a,d1_M_a,AkashML,1,1.0000,1.0000,1.0000,1.0000,1.0000,1,d1_A_a,1.0000
Llama-3.3-70B (own conversations),main,d1_A_a|d1_SN_a,a,d1_A_a,d1_SN_a,AkashML,1,1.0000,1.0000,1.0000,1.0000,1.0000,1,d1_A_a,1.0000
Llama-3.3-70B (own conversations),main,d1_A_a|d1_SS_a,a,d1_A_a,d1_SS_a,AkashML,1,1.0000,1.0000,1.0000,1.0000,1.0000,1,d1_A_a,1.0000
Llama-3.3-70B (own conversations),main,d1_A_a|d1_S_a,a,d1_A_a,d1_S_a,AkashML,1,1.0000,1.0000,1.0000,1.0000,1.0000,1,d1_A_a,1.0000
Llama-3.3-70B (own conversations),main,d1_A_a|d1_W_a,a,d1_A_a,d1_W_a,AkashML,1,1.0000,1.0000,1.0000,1.0000,1.0000,1,d1_A_a,1.0000
Llama-3.3-70B (own conversations),main,d1_A_b|d1_L_b,b,d1_A_b,d1_L_b,AkashML,1,1.0000,1.0000,1.0000,1.0000,1.0000,1,d1_A_b,1.0000
Llama-3.3-70B (own conversations),main,d1_A_b|d1_Lp_b,b,d1_A_b,d1_Lp_b,AkashML,1,1.0000,1.0000,1.0000,1.0000,1.0000,1,d1_A_b,1.0000
Llama-3.3-70B (own conversations),main,d1_A_b|d1_M_b,b,d1_A_b,d1_M_b,AkashML,1,1.0000,1.0000,1.0000,1.0000,1.0000,1,d1_A_b,1.0000
Llama-3.3-70B (own conversations),main,d1_A_b|d1_SN_b,b,d1_A_b,d1_SN_b,AkashML,1,1.0000,1.0000,1.0000,1.0000,1.0000,1,d1_A_b,1.0000
Llama-3.3-70B (own conversations),main,d1_A_b|d1_SS_b,b,d1_A_b,d1_SS_b,AkashML,1,1.0000,1.0000,1.0000,1.0000,1.0000,1,d1_A_b,1.0000
Llama-3.3-70B (own conversations),main,d1_A_b|d1_S_b,b,d1_A_b,d1_S_b,AkashML,1,1.0000,1.0000,1.0000,1.0000,1.0000,1,d1_A_b,1.0000
Llama-3.3-70B (own conversations),main,d1_A_b|d1_W_b,b,d1_A_b,d1_W_b,AkashML,1,1.0000,1.0000,1.0000,1.0000,1.0000,1,d1_A_b,1.0000
Llama-3.3-70B (own conversations),main,d1_A_c|d1_L_c,c,d1_A_c,d1_L_c,AkashML,1,1.0000,1.0000,1.0000,1.0000,1.0000,1,d1_A_c,1.0000
Llama-3.3-70B (own conversations),main,d1_A_c|d1_Lp_c,c,d1_A_c,d1_Lp_c,AkashML,1,1.0000,1.0000,1.0000,1.0000,1.0000,1,d1_A_c,1.0000
Llama-3.3-70B (own conversations),main,d1_A_c|d1_M_c,c,d1_A_c,d1_M_c,AkashML,1,1.0000,1.0000,1.0000,1.0000,1.0000,1,d1_A_c,1.0000
Llama-3.3-70B (own conversations),main,d1_A_c|d1_SN_c,c,d1_A_c,d1_SN_c,AkashML,1,1.0000,1.0000,1.0000,1.0000,1.0000,1,d1_A_c,1.0000
Llama-3.3-70B (own conversations),main,d1_A_c|d1_SS_c,c,d1_A_c,d1_SS_c,AkashML,1,1.0000,1.0000,1.0000,1.0000,1.0000,1,d1_A_c,1.0000
Llama-3.3-70B (own conversations),main,d1_A_c|d1_S_c,c,d1_A_c,d1_S_c,AkashML,1,1.0000,1.0000,1.0000,1.0000,1.0000,1,d1_A_c,1.0000
Llama-3.3-70B (own conversations),main,d1_A_c|d1_W_c,c,d1_A_c,d1_W_c,AkashML,1,1.0000,1.0000,1.0000,1.0000,1.0000,1,d1_A_c,1.0000
Llama-3.3-70B (own conversations),main,d1_L_a|d1_Lp_a,a,d1_L_a,d1_Lp_a,CoreWeave,1,0.0002,0.0002,0.0002,0.0002,0.0002,1,d1_Lp_a,1.0000
Llama-3.3-70B (own conversations),main,d1_L_a|d1_SN_a,a,d1_L_a,d1_SN_a,CoreWeave,1,1.0000,0.9996,1.0000,0.9996,0.9998,1,d1_L_a,1.0000
Llama-3.3-70B (own conversations),main,d1_L_a|d1_SS_a,a,d1_L_a,d1_SS_a,CoreWeave,1,1.0000,1.0000,1.0000,1.0000,1.0000,1,d1_L_a,1.0000
Llama-3.3-70B (own conversations),main,d1_L_a|d1_S_a,a,d1_L_a,d1_S_a,CoreWeave,1,1.0000,0.9991,1.0000,0.9991,0.9995,1,d1_L_a,1.0000
Llama-3.3-70B (own conversations),main,d1_L_b|d1_Lp_b,b,d1_L_b,d1_Lp_b,CoreWeave,1,1.0000,0.9975,1.0000,0.9975,0.9987,1,d1_L_b,1.0000
Llama-3.3-70B (own conversations),main,d1_L_b|d1_SN_b,b,d1_L_b,d1_SN_b,CoreWeave,1,0.0000,1.0000,0.0000,1.0000,,0,,1.0000
Llama-3.3-70B (own conversations),main,d1_L_b|d1_SS_b,b,d1_L_b,d1_SS_b,CoreWeave,1,1.0000,1.0000,1.0000,1.0000,1.0000,1,d1_L_b,1.0000
Llama-3.3-70B (own conversations),main,d1_L_b|d1_S_b,b,d1_L_b,d1_S_b,CoreWeave,1,0.9994,1.0000,0.9994,1.0000,0.9997,1,d1_L_b,1.0000
Llama-3.3-70B (own conversations),main,d1_L_c|d1_Lp_c,c,d1_L_c,d1_Lp_c,CoreWeave,1,0.0000,0.9948,0.0000,0.9948,,0,,1.0000
Llama-3.3-70B (own conversations),main,d1_L_c|d1_SN_c,c,d1_L_c,d1_SN_c,CoreWeave,1,0.2227,1.0000,0.2227,1.0000,,0,,1.0000
Llama-3.3-70B (own conversations),main,d1_L_c|d1_SS_c,c,d1_L_c,d1_SS_c,CoreWeave,1,1.0000,1.0000,1.0000,1.0000,1.0000,1,d1_L_c,1.0000
Llama-3.3-70B (own conversations),main,d1_L_c|d1_S_c,c,d1_L_c,d1_S_c,CoreWeave,1,0.9399,1.0000,0.9399,1.0000,0.9700,1,d1_L_c,1.0000
Llama-3.3-70B (own conversations),main,d1_Lp_a|d1_SN_a,a,d1_Lp_a,d1_SN_a,CoreWeave,1,0.0000,1.0000,0.0000,1.0000,,0,,1.0000
Llama-3.3-70B (own conversations),main,d1_Lp_a|d1_S_a,a,d1_Lp_a,d1_S_a,CoreWeave,1,0.0000,1.0000,0.0000,1.0000,,0,,1.0000
Llama-3.3-70B (own conversations),main,d1_Lp_b|d1_SN_b,b,d1_Lp_b,d1_SN_b,CoreWeave,1,0.0000,0.0004,0.0000,0.0004,0.0002,1,d1_SN_b,1.0000
Llama-3.3-70B (own conversations),main,d1_Lp_b|d1_S_b,b,d1_Lp_b,d1_S_b,CoreWeave,1,0.0000,1.0000,0.0000,1.0000,,0,,1.0000
Llama-3.3-70B (own conversations),main,d1_Lp_c|d1_SN_c,c,d1_Lp_c,d1_SN_c,CoreWeave,1,0.0000,0.9996,0.0000,0.9996,,0,,1.0000
Llama-3.3-70B (own conversations),main,d1_Lp_c|d1_S_c,c,d1_Lp_c,d1_S_c,CoreWeave,1,0.0000,1.0000,0.0000,1.0000,,0,,1.0000
Llama-3.3-70B (own conversations),main,d1_M_a|d1_L_a,a,d1_M_a,d1_L_a,CoreWeave,1,0.0067,0.0000,0.0067,0.0000,0.0033,1,d1_L_a,1.0000
Llama-3.3-70B (own conversations),main,d1_M_a|d1_SS_a,a,d1_M_a,d1_SS_a,CoreWeave,1,1.0000,0.0004,1.0000,0.0004,,0,,1.0000
Llama-3.3-70B (own conversations),main,d1_M_a|d1_S_a,a,d1_M_a,d1_S_a,CoreWeave,1,1.0000,0.0000,1.0000,0.0000,,0,,1.0000
Llama-3.3-70B (own conversations),main,d1_M_b|d1_L_b,b,d1_M_b,d1_L_b,CoreWeave,1,0.0000,0.0759,0.0000,0.0759,0.0379,1,d1_L_b,1.0000
Llama-3.3-70B (own conversations),main,d1_M_b|d1_SS_b,b,d1_M_b,d1_SS_b,CoreWeave,1,0.9998,1.0000,0.9998,1.0000,0.9999,1,d1_M_b,1.0000
Llama-3.3-70B (own conversations),main,d1_M_b|d1_S_b,b,d1_M_b,d1_S_b,CoreWeave,1,0.9998,1.0000,0.9998,1.0000,0.9999,1,d1_M_b,1.0000
Llama-3.3-70B (own conversations),main,d1_M_c|d1_L_c,c,d1_M_c,d1_L_c,CoreWeave,1,0.0000,0.0000,0.0000,0.0000,0.0000,1,d1_L_c,1.0000
Llama-3.3-70B (own conversations),main,d1_M_c|d1_SS_c,c,d1_M_c,d1_SS_c,CoreWeave,1,0.8520,0.0005,0.8520,0.0005,,0,,1.0000
Llama-3.3-70B (own conversations),main,d1_M_c|d1_S_c,c,d1_M_c,d1_S_c,CoreWeave,1,0.9999,0.0000,0.9999,0.0000,,0,,1.0000
Llama-3.3-70B (own conversations),main,d1_SN_a|d1_M_a,a,d1_SN_a,d1_M_a,CoreWeave,1,1.0000,0.0601,1.0000,0.0601,,0,,1.0000
Llama-3.3-70B (own conversations),main,d1_SN_a|d1_SS_a,a,d1_SN_a,d1_SS_a,CoreWeave,1,1.0000,1.0000,1.0000,1.0000,1.0000,1,d1_SN_a,1.0000
Llama-3.3-70B (own conversations),main,d1_SN_a|d1_S_a,a,d1_SN_a,d1_S_a,CoreWeave,1,0.9999,0.9968,0.9999,0.9968,0.9984,1,d1_SN_a,1.0000
Llama-3.3-70B (own conversations),main,d1_SN_a|d1_W_a,a,d1_SN_a,d1_W_a,CoreWeave,1,1.0000,0.0180,1.0000,0.0180,,0,,1.0000
Llama-3.3-70B (own conversations),main,d1_SN_b|d1_M_b,b,d1_SN_b,d1_M_b,CoreWeave,1,0.8808,1.0000,0.8808,1.0000,0.9404,1,d1_SN_b,1.0000
Llama-3.3-70B (own conversations),main,d1_SN_b|d1_SS_b,b,d1_SN_b,d1_SS_b,CoreWeave,1,1.0000,1.0000,1.0000,1.0000,1.0000,1,d1_SN_b,1.0000
Llama-3.3-70B (own conversations),main,d1_SN_b|d1_S_b,b,d1_SN_b,d1_S_b,CoreWeave,1,1.0000,1.0000,1.0000,1.0000,1.0000,1,d1_SN_b,1.0000
Llama-3.3-70B (own conversations),main,d1_SN_b|d1_W_b,b,d1_SN_b,d1_W_b,CoreWeave,1,1.0000,1.0000,1.0000,1.0000,1.0000,1,d1_SN_b,1.0000
Llama-3.3-70B (own conversations),main,d1_SN_c|d1_M_c,c,d1_SN_c,d1_M_c,CoreWeave,1,0.5000,1.0000,0.5000,1.0000,,0,,1.0000
Llama-3.3-70B (own conversations),main,d1_SN_c|d1_SS_c,c,d1_SN_c,d1_SS_c,CoreWeave,1,0.7773,1.0000,0.7773,1.0000,0.8886,1,d1_SN_c,1.0000
Llama-3.3-70B (own conversations),main,d1_SN_c|d1_S_c,c,d1_SN_c,d1_S_c,CoreWeave,1,0.0000,1.0000,0.0000,1.0000,,0,,1.0000
Llama-3.3-70B (own conversations),main,d1_SN_c|d1_W_c,c,d1_SN_c,d1_W_c,CoreWeave,1,0.3208,1.0000,0.3208,1.0000,,0,,1.0000
Llama-3.3-70B (own conversations),main,d1_SS_a|d1_S_a,a,d1_SS_a,d1_S_a,CoreWeave,1,1.0000,0.0000,1.0000,0.0000,,0,,1.0000
Llama-3.3-70B (own conversations),main,d1_SS_b|d1_S_b,b,d1_SS_b,d1_S_b,CoreWeave,1,0.8933,0.9999,0.8933,0.9999,0.9466,1,d1_SS_b,1.0000
Llama-3.3-70B (own conversations),main,d1_SS_c|d1_S_c,c,d1_SS_c,d1_S_c,CoreWeave,1,0.9859,1.0000,0.9859,1.0000,0.9930,1,d1_SS_c,1.0000
Llama-3.3-70B (own conversations),main,d1_W_a|d1_L_a,a,d1_W_a,d1_L_a,CoreWeave,1,0.1824,0.0000,0.1824,0.0000,0.0912,1,d1_L_a,1.0000
Llama-3.3-70B (own conversations),main,d1_W_a|d1_M_a,a,d1_W_a,d1_M_a,CoreWeave,1,1.0000,0.0004,1.0000,0.0004,,0,,1.0000
Llama-3.3-70B (own conversations),main,d1_W_a|d1_SS_a,a,d1_W_a,d1_SS_a,CoreWeave,1,1.0000,0.0017,1.0000,0.0017,,0,,1.0000
Llama-3.3-70B (own conversations),main,d1_W_a|d1_S_a,a,d1_W_a,d1_S_a,CoreWeave,1,1.0000,0.0601,1.0000,0.0601,,0,,1.0000
Llama-3.3-70B (own conversations),main,d1_W_b|d1_L_b,b,d1_W_b,d1_L_b,CoreWeave,1,0.0002,0.0041,0.0002,0.0041,0.0022,1,d1_L_b,1.0000
Llama-3.3-70B (own conversations),main,d1_W_b|d1_M_b,b,d1_W_b,d1_M_b,CoreWeave,1,0.0000,1.0000,0.0000,1.0000,,0,,1.0000
Llama-3.3-70B (own conversations),main,d1_W_b|d1_SS_b,b,d1_W_b,d1_SS_b,CoreWeave,1,0.9994,1.0000,0.9994,1.0000,0.9997,1,d1_W_b,1.0000
Llama-3.3-70B (own conversations),main,d1_W_b|d1_S_b,b,d1_W_b,d1_S_b,CoreWeave,1,1.0000,1.0000,1.0000,1.0000,1.0000,1,d1_W_b,1.0000
Llama-3.3-70B (own conversations),main,d1_W_c|d1_L_c,c,d1_W_c,d1_L_c,CoreWeave,1,0.0000,0.0004,0.0000,0.0004,0.0002,1,d1_L_c,1.0000
Llama-3.3-70B (own conversations),main,d1_W_c|d1_M_c,c,d1_W_c,d1_M_c,CoreWeave,1,1.0000,0.9999,1.0000,0.9999,0.9999,1,d1_W_c,1.0000
Llama-3.3-70B (own conversations),main,d1_W_c|d1_SS_c,c,d1_W_c,d1_SS_c,CoreWeave,1,0.9820,0.5000,0.9820,0.5000,0.7410,1,d1_W_c,1.0000
Llama-3.3-70B (own conversations),main,d1_W_c|d1_S_c,c,d1_W_c,d1_S_c,CoreWeave,1,0.9997,1.0000,0.9997,1.0000,0.9999,1,d1_W_c,1.0000
gemma-4-31b,constructed,d1_F-A-D_a|d1_F-A-P_a,a,d1_F-A-D_a,d1_F-A-P_a,OpenRouter,3,1.0000;1.0000;1.0000,0.9988;0.9992;0.9991,1.0000,0.9991,0.9996,1,d1_F-A-D_a,1.0000
gemma-4-31b,constructed,d1_F-A-D_b|d1_F-A-P_b,b,d1_F-A-D_b,d1_F-A-P_b,OpenRouter,3,1.0000;1.0000;1.0000,1.0000;1.0000;1.0000,1.0000,1.0000,1.0000,1,d1_F-A-D_b,1.0000
gemma-4-31b,constructed,d1_F-A-D_c|d1_F-A-P_c,c,d1_F-A-D_c,d1_F-A-P_c,OpenRouter,3,1.0000;1.0000;1.0000,0.8355;0.0251;1.0000,1.0000,0.8355,0.9177,1,d1_F-A-D_c,0.9999
gemma-4-31b,constructed,d1_F-A-N_a|d1_F-A-D_a,a,d1_F-A-N_a,d1_F-A-D_a,OpenRouter,3,1.0000;1.0000;1.0000,0.0000;0.0000;0.0000,1.0000,0.0000,,0,,1.0000
gemma-4-31b,constructed,d1_F-A-N_a|d1_F-A-P_a,a,d1_F-A-N_a,d1_F-A-P_a,OpenRouter,3,1.0000;1.0000;1.0000,1.0000;0.9999;1.0000,1.0000,1.0000,1.0000,1,d1_F-A-N_a,1.0000
gemma-4-31b,constructed,d1_F-A-N_b|d1_F-A-D_b,b,d1_F-A-N_b,d1_F-A-D_b,OpenRouter,3,1.0000;1.0000;1.0000,0.0000;0.0000;0.0000,1.0000,0.0000,,0,,1.0000
gemma-4-31b,constructed,d1_F-A-N_b|d1_F-A-P_b,b,d1_F-A-N_b,d1_F-A-P_b,OpenRouter,3,1.0000;1.0000;1.0000,1.0000;1.0000;1.0000,1.0000,1.0000,1.0000,1,d1_F-A-N_b,1.0000
gemma-4-31b,constructed,d1_F-A-N_c|d1_F-A-D_c,c,d1_F-A-N_c,d1_F-A-D_c,OpenRouter,3,1.0000;1.0000;1.0000,0.0000;0.0000;0.0000,1.0000,0.0000,,0,,1.0000
gemma-4-31b,constructed,d1_F-A-N_c|d1_F-A-P_c,c,d1_F-A-N_c,d1_F-A-P_c,OpenRouter,3,1.0000;1.0000;1.0000,0.9999;1.0000;0.9999,1.0000,0.9999,1.0000,1,d1_F-A-N_c,1.0000
gemma-4-31b,constructed,d1_F-L-D_a|d1_F-A-D_a,a,d1_F-L-D_a,d1_F-A-D_a,OpenRouter,3,1.0000;0.9999;1.0000,1.0000;1.0000;1.0000,1.0000,1.0000,1.0000,1,d1_F-L-D_a,1.0000
gemma-4-31b,constructed,d1_F-L-D_a|d1_F-A-N_a,a,d1_F-L-D_a,d1_F-A-N_a,OpenRouter,3,1.0000;1.0000;1.0000,1.0000;1.0000;1.0000,1.0000,1.0000,1.0000,1,d1_F-L-D_a,1.0000
gemma-4-31b,constructed,d1_F-L-D_a|d1_F-A-P_a,a,d1_F-L-D_a,d1_F-A-P_a,OpenRouter,3,1.0000;1.0000;1.0000,1.0000;1.0000;1.0000,1.0000,1.0000,1.0000,1,d1_F-L-D_a,1.0000
gemma-4-31b,constructed,d1_F-L-D_a|d1_F-L-P_a,a,d1_F-L-D_a,d1_F-L-P_a,OpenRouter,3,1.0000;1.0000;1.0000,1.0000;1.0000;1.0000,1.0000,1.0000,1.0000,1,d1_F-L-D_a,1.0000
gemma-4-31b,constructed,d1_F-L-D_b|d1_F-A-D_b,b,d1_F-L-D_b,d1_F-A-D_b,OpenRouter,3,0.0000;0.0000;0.0000,0.9998;0.9480;0.9948,0.0000,0.9948,,0,,1.0000
gemma-4-31b,constructed,d1_F-L-D_b|d1_F-A-N_b,b,d1_F-L-D_b,d1_F-A-N_b,OpenRouter,3,1.0000;1.0000;1.0000,1.0000;1.0000;1.0000,1.0000,1.0000,1.0000,1,d1_F-L-D_b,1.0000
gemma-4-31b,constructed,d1_F-L-D_b|d1_F-A-P_b,b,d1_F-L-D_b,d1_F-A-P_b,OpenRouter,3,1.0000;1.0000;1.0000,1.0000;1.0000;1.0000,1.0000,1.0000,1.0000,1,d1_F-L-D_b,1.0000
gemma-4-31b,constructed,d1_F-L-D_b|d1_F-L-P_b,b,d1_F-L-D_b,d1_F-L-P_b,OpenRouter,3,1.0000;1.0000;1.0000,1.0000;1.0000;1.0000,1.0000,1.0000,1.0000,1,d1_F-L-D_b,1.0000
gemma-4-31b,constructed,d1_F-L-D_c|d1_F-A-D_c,c,d1_F-L-D_c,d1_F-A-D_c,OpenRouter,3,1.0000;1.0000;1.0000,0.0293;0.9961;0.9969,1.0000,0.9961,0.9980,1,d1_F-L-D_c,1.0000
gemma-4-31b,constructed,d1_F-L-D_c|d1_F-A-N_c,c,d1_F-L-D_c,d1_F-A-N_c,OpenRouter,3,1.0000;1.0000;1.0000,1.0000;1.0000;1.0000,1.0000,1.0000,1.0000,1,d1_F-L-D_c,1.0000
gemma-4-31b,constructed,d1_F-L-D_c|d1_F-A-P_c,c,d1_F-L-D_c,d1_F-A-P_c,OpenRouter,3,1.0000;1.0000;1.0000,1.0000;1.0000;1.0000,1.0000,1.0000,1.0000,1,d1_F-L-D_c,1.0000
gemma-4-31b,constructed,d1_F-L-D_c|d1_F-L-P_c,c,d1_F-L-D_c,d1_F-L-P_c,OpenRouter,3,1.0000;1.0000;1.0000,1.0000;1.0000;1.0000,1.0000,1.0000,1.0000,1,d1_F-L-D_c,1.0000
gemma-4-31b,constructed,d1_F-L-N_a|d1_F-A-D_a,a,d1_F-L-N_a,d1_F-A-D_a,OpenRouter,3,0.0000;0.0000;0.0000,0.0000;0.0000;0.0000,0.0000,0.0000,0.0000,1,d1_F-A-D_a,1.0000
gemma-4-31b,constructed,d1_F-L-N_a|d1_F-A-N_a,a,d1_F-L-N_a,d1_F-A-N_a,OpenRouter,3,0.0037;0.0003;0.0123,0.0000;0.0000;0.0000,0.0037,0.0000,0.0018,1,d1_F-A-N_a,1.0000
gemma-4-31b,constructed,d1_F-L-N_a|d1_F-A-P_a,a,d1_F-L-N_a,d1_F-A-P_a,OpenRouter,3,0.0041;0.9999;0.9999,0.0000;0.0000;0.0001,0.9999,0.0000,,0,,1.0000
gemma-4-31b,constructed,d1_F-L-N_a|d1_F-L-D_a,a,d1_F-L-N_a,d1_F-L-D_a,OpenRouter,3,0.0000;0.0000;0.0000,0.0000;0.0000;0.0000,0.0000,0.0000,0.0000,1,d1_F-L-D_a,1.0000
gemma-4-31b,constructed,d1_F-L-N_a|d1_F-L-P_a,a,d1_F-L-N_a,d1_F-L-P_a,OpenRouter,3,0.9999;1.0000;1.0000,0.0000;0.0000;0.0000,1.0000,0.0000,,0,,1.0000
gemma-4-31b,constructed,d1_F-L-N_b|d1_F-A-D_b,b,d1_F-L-N_b,d1_F-A-D_b,OpenRouter,3,0.0000;0.0000;0.0000,0.0000;0.0000;0.0000,0.0000,0.0000,0.0000,1,d1_F-A-D_b,1.0000
gemma-4-31b,constructed,d1_F-L-N_b|d1_F-A-N_b,b,d1_F-L-N_b,d1_F-A-N_b,OpenRouter,3,0.0331;0.0120;0.0075,0.0000;0.0000;0.0000,0.0120,0.0000,0.0060,1,d1_F-A-N_b,1.0000
gemma-4-31b,constructed,d1_F-L-N_b|d1_F-A-P_b,b,d1_F-L-N_b,d1_F-A-P_b,OpenRouter,3,0.9988;1.0000;1.0000,0.4378;0.0006;0.0004,1.0000,0.0006,,0,,1.0000
gemma-4-31b,constructed,d1_F-L-N_b|d1_F-L-D_b,b,d1_F-L-N_b,d1_F-L-D_b,OpenRouter,3,0.0000;0.0000;0.0000,0.0000;0.0000;0.0000,0.0000,0.0000,0.0000,1,d1_F-L-D_b,1.0000
gemma-4-31b,constructed,d1_F-L-N_b|d1_F-L-P_b,b,d1_F-L-N_b,d1_F-L-P_b,OpenRouter,3,1.0000;1.0000;1.0000,1.0000;1.0000;1.0000,1.0000,1.0000,1.0000,1,d1_F-L-N_b,1.0000
gemma-4-31b,constructed,d1_F-L-N_c|d1_F-A-D_c,c,d1_F-L-N_c,d1_F-A-D_c,OpenRouter,3,0.0000;0.0000;0.0000,0.0000;0.0000;0.0000,0.0000,0.0000,0.0000,1,d1_F-A-D_c,1.0000
gemma-4-31b,constructed,d1_F-L-N_c|d1_F-A-N_c,c,d1_F-L-N_c,d1_F-A-N_c,OpenRouter,3,0.0534;0.7097;0.9983,0.0007;0.0000;0.0000,0.7097,0.0000,,0,,1.0000
gemma-4-31b,constructed,d1_F-L-N_c|d1_F-A-P_c,c,d1_F-L-N_c,d1_F-A-P_c,OpenRouter,3,1.0000;1.0000;1.0000,0.9466;0.0000;0.0000,1.0000,0.0000,,0,,1.0000
gemma-4-31b,constructed,d1_F-L-N_c|d1_F-L-D_c,c,d1_F-L-N_c,d1_F-L-D_c,OpenRouter,3,0.0000;0.0000;0.0000,0.0000;0.0000;0.0000,0.0000,0.0000,0.0000,1,d1_F-L-D_c,1.0000
gemma-4-31b,constructed,d1_F-L-N_c|d1_F-L-P_c,c,d1_F-L-N_c,d1_F-L-P_c,OpenRouter,3,0.9999;1.0000;0.9999,0.0000;0.0000;0.0000,0.9999,0.0000,,0,,1.0000
gemma-4-31b,constructed,d1_F-L-P_a|d1_F-A-D_a,a,d1_F-L-P_a,d1_F-A-D_a,OpenRouter,3,0.0000;0.0000;0.0000,0.0000;0.0000;0.0000,0.0000,0.0000,0.0000,1,d1_F-A-D_a,1.0000
gemma-4-31b,constructed,d1_F-L-P_a|d1_F-A-N_a,a,d1_F-L-P_a,d1_F-A-N_a,OpenRouter,3,1.0000;1.0000;1.0000,0.0000;0.0000;0.0000,1.0000,0.0000,,0,,1.0000
gemma-4-31b,constructed,d1_F-L-P_a|d1_F-A-P_a,a,d1_F-L-P_a,d1_F-A-P_a,OpenRouter,3,1.0000;1.0000;1.0000,0.0000;0.0000;0.0000,1.0000,0.0000,,0,,1.0000
gemma-4-31b,constructed,d1_F-L-P_b|d1_F-A-D_b,b,d1_F-L-P_b,d1_F-A-D_b,OpenRouter,3,0.0000;0.0000;0.0000,0.0000;0.0000;0.0000,0.0000,0.0000,0.0000,1,d1_F-A-D_b,1.0000
gemma-4-31b,constructed,d1_F-L-P_b|d1_F-A-N_b,b,d1_F-L-P_b,d1_F-A-N_b,OpenRouter,3,0.0000;0.0000;0.0000,0.0000;0.0000;0.0000,0.0000,0.0000,0.0000,1,d1_F-A-N_b,1.0000
gemma-4-31b,constructed,d1_F-L-P_b|d1_F-A-P_b,b,d1_F-L-P_b,d1_F-A-P_b,OpenRouter,3,0.0025;0.2559;0.3856,0.0000;0.0000;0.0000,0.2559,0.0000,0.1280,1,d1_F-A-P_b,1.0000
gemma-4-31b,constructed,d1_F-L-P_c|d1_F-A-D_c,c,d1_F-L-P_c,d1_F-A-D_c,OpenRouter,3,0.0000;0.0000;0.0000,0.0000;0.0000;0.0000,0.0000,0.0000,0.0000,1,d1_F-A-D_c,1.0000
gemma-4-31b,constructed,d1_F-L-P_c|d1_F-A-N_c,c,d1_F-L-P_c,d1_F-A-N_c,OpenRouter,3,1.0000;1.0000;1.0000,0.0000;0.0000;0.0000,1.0000,0.0000,,0,,1.0000
gemma-4-31b,constructed,d1_F-L-P_c|d1_F-A-P_c,c,d1_F-L-P_c,d1_F-A-P_c,OpenRouter,3,1.0000;1.0000;1.0000,0.0004;0.0008;0.0000,1.0000,0.0004,,0,,1.0000
gemma-4-31b,constructed,d1_F-SS-D_a|d1_F-A-D_a,a,d1_F-SS-D_a,d1_F-A-D_a,OpenRouter,3,0.9890;0.0013;0.0009,0.0000;0.0000;0.0000,0.0013,0.0000,0.0007,1,d1_F-A-D_a,1.0000
gemma-4-31b,constructed,d1_F-SS-D_a|d1_F-A-N_a,a,d1_F-SS-D_a,d1_F-A-N_a,OpenRouter,3,1.0000;1.0000;0.9890,0.0028;0.0000;0.0036,1.0000,0.0028,,0,,1.0000
gemma-4-31b,constructed,d1_F-SS-D_a|d1_F-A-P_a,a,d1_F-SS-D_a,d1_F-A-P_a,OpenRouter,3,1.0000;1.0000;1.0000,0.8670;0.6655;0.5902,1.0000,0.6655,0.8328,1,d1_F-SS-D_a,1.0000
gemma-4-31b,constructed,d1_F-SS-D_a|d1_F-L-D_a,a,d1_F-SS-D_a,d1_F-L-D_a,OpenRouter,3,0.0000;0.0000;0.0000,0.0000;0.0000;0.0000,0.0000,0.0000,0.0000,1,d1_F-L-D_a,1.0000
gemma-4-31b,constructed,d1_F-SS-D_a|d1_F-L-N_a,a,d1_F-SS-D_a,d1_F-L-N_a,OpenRouter,3,1.0000;1.0000;1.0000,1.0000;1.0000;1.0000,1.0000,1.0000,1.0000,1,d1_F-SS-D_a,1.0000
gemma-4-31b,constructed,d1_F-SS-D_a|d1_F-L-P_a,a,d1_F-SS-D_a,d1_F-L-P_a,OpenRouter,3,1.0000;1.0000;1.0000,1.0000;1.0000;1.0000,1.0000,1.0000,1.0000,1,d1_F-SS-D_a,1.0000
gemma-4-31b,constructed,d1_F-SS-D_a|d1_F-SS-P_a,a,d1_F-SS-D_a,d1_F-SS-P_a,OpenRouter,3,1.0000;1.0000;1.0000,1.0000;1.0000;1.0000,1.0000,1.0000,1.0000,1,d1_F-SS-D_a,1.0000
gemma-4-31b,constructed,d1_F-SS-D_b|d1_F-A-D_b,b,d1_F-SS-D_b,d1_F-A-D_b,OpenRouter,3,0.0000;0.0000;0.0000,0.0000;0.0000;0.0000,0.0000,0.0000,0.0000,1,d1_F-A-D_b,1.0000
gemma-4-31b,constructed,d1_F-SS-D_b|d1_F-A-N_b,b,d1_F-SS-D_b,d1_F-A-N_b,OpenRouter,3,0.0331;0.0070;0.0066,0.0000;0.0000;0.0000,0.0070,0.0000,0.0035,1,d1_F-A-N_b,1.0000
gemma-4-31b,constructed,d1_F-SS-D_b|d1_F-A-P_b,b,d1_F-SS-D_b,d1_F-A-P_b,OpenRouter,3,0.0019;1.0000;1.0000,0.0022;0.0000;0.0000,1.0000,0.0000,,0,,1.0000
gemma-4-31b,constructed,d1_F-SS-D_b|d1_F-L-D_b,b,d1_F-SS-D_b,d1_F-L-D_b,OpenRouter,3,0.0000;0.0000;0.0000,0.0000;0.0000;0.0000,0.0000,0.0000,0.0000,1,d1_F-L-D_b,1.0000
gemma-4-31b,constructed,d1_F-SS-D_b|d1_F-L-N_b,b,d1_F-SS-D_b,d1_F-L-N_b,OpenRouter,3,1.0000;1.0000;1.0000,0.0180;0.0000;0.0000,1.0000,0.0000,,0,,1.0000
gemma-4-31b,constructed,d1_F-SS-D_b|d1_F-L-P_b,b,d1_F-SS-D_b,d1_F-L-P_b,OpenRouter,3,1.0000;1.0000;1.0000,1.0000;1.0000;1.0000,1.0000,1.0000,1.0000,1,d1_F-SS-D_b,1.0000
gemma-4-31b,constructed,d1_F-SS-D_b|d1_F-SS-P_b,b,d1_F-SS-D_b,d1_F-SS-P_b,OpenRouter,3,1.0000;1.0000;1.0000,1.0000;1.0000;1.0000,1.0000,1.0000,1.0000,1,d1_F-SS-D_b,1.0000
gemma-4-31b,constructed,d1_F-SS-D_c|d1_F-A-D_c,c,d1_F-SS-D_c,d1_F-A-D_c,OpenRouter,3,0.0000;0.0001;0.0001,0.0000;0.0000;0.0000,0.0001,0.0000,0.0000,1,d1_F-A-D_c,1.0000
gemma-4-31b,constructed,d1_F-SS-D_c|d1_F-A-N_c,c,d1_F-SS-D_c,d1_F-A-N_c,OpenRouter,3,1.0000;1.0000;1.0000,0.8176;0.0011;0.0018,1.0000,0.0018,,0,,1.0000
gemma-4-31b,constructed,d1_F-SS-D_c|d1_F-A-P_c,c,d1_F-SS-D_c,d1_F-A-P_c,OpenRouter,3,1.0000;1.0000;1.0000,1.0000;1.0000;1.0000,1.0000,1.0000,1.0000,1,d1_F-SS-D_c,1.0000
gemma-4-31b,constructed,d1_F-SS-D_c|d1_F-L-D_c,c,d1_F-SS-D_c,d1_F-L-D_c,OpenRouter,3,0.0000;0.0000;0.0000,0.0000;0.0000;0.0000,0.0000,0.0000,0.0000,1,d1_F-L-D_c,1.0000
gemma-4-31b,constructed,d1_F-SS-D_c|d1_F-L-N_c,c,d1_F-SS-D_c,d1_F-L-N_c,OpenRouter,3,1.0000;1.0000;1.0000,1.0000;1.0000;1.0000,1.0000,1.0000,1.0000,1,d1_F-SS-D_c,1.0000
gemma-4-31b,constructed,d1_F-SS-D_c|d1_F-L-P_c,c,d1_F-SS-D_c,d1_F-L-P_c,OpenRouter,3,1.0000;1.0000;1.0000,1.0000;1.0000;1.0000,1.0000,1.0000,1.0000,1,d1_F-SS-D_c,1.0000
gemma-4-31b,constructed,d1_F-SS-D_c|d1_F-SS-P_c,c,d1_F-SS-D_c,d1_F-SS-P_c,OpenRouter,3,1.0000;1.0000;1.0000,1.0000;1.0000;1.0000,1.0000,1.0000,1.0000,1,d1_F-SS-D_c,1.0000
gemma-4-31b,constructed,d1_F-SS-N_a|d1_F-A-D_a,a,d1_F-SS-N_a,d1_F-A-D_a,OpenRouter,3,0.0000;0.0000;0.0000,0.0000;0.0000;0.0000,0.0000,0.0000,0.0000,1,d1_F-A-D_a,1.0000
gemma-4-31b,constructed,d1_F-SS-N_a|d1_F-A-N_a,a,d1_F-SS-N_a,d1_F-A-N_a,OpenRouter,3,0.9241;0.9997;0.9995,0.0000;0.0025;0.0000,0.9995,0.0000,,0,,1.0000
gemma-4-31b,constructed,d1_F-SS-N_a|d1_F-A-P_a,a,d1_F-SS-N_a,d1_F-A-P_a,OpenRouter,3,0.0159;1.0000;1.0000,0.0331;0.0039;0.0033,1.0000,0.0039,,0,,1.0000
gemma-4-31b,constructed,d1_F-SS-N_a|d1_F-L-D_a,a,d1_F-SS-N_a,d1_F-L-D_a,OpenRouter,3,0.0000;0.0000;0.0000,0.0000;0.0000;0.0000,0.0000,0.0000,0.0000,1,d1_F-L-D_a,1.0000
gemma-4-31b,constructed,d1_F-SS-N_a|d1_F-L-N_a,a,d1_F-SS-N_a,d1_F-L-N_a,OpenRouter,3,0.9995;0.9955;0.9959,0.0675;0.0004;0.0004,0.9959,0.0004,,0,,1.0000
gemma-4-31b,constructed,d1_F-SS-N_a|d1_F-L-P_a,a,d1_F-SS-N_a,d1_F-L-P_a,OpenRouter,3,1.0000;0.9997;1.0000,0.0159;0.0083;0.9914,1.0000,0.0159,,0,,1.0000
gemma-4-31b,constructed,d1_F-SS-N_a|d1_F-SS-D_a,a,d1_F-SS-N_a,d1_F-SS-D_a,OpenRouter,3,0.0534;0.0534;0.0534,0.0013;0.0001;0.0000,0.0534,0.0001,0.0267,1,d1_F-SS-D_a,1.0000
gemma-4-31b,constructed,d1_F-SS-N_a|d1_F-SS-P_a,a,d1_F-SS-N_a,d1_F-SS-P_a,OpenRouter,3,0.0000;0.0000;0.0000,0.9999;0.9971;0.9960,0.0000,0.9971,,0,,1.0000
gemma-4-31b,constructed,d1_F-SS-N_b|d1_F-A-D_b,b,d1_F-SS-N_b,d1_F-A-D_b,OpenRouter,3,0.0000;0.0000;0.0000,0.0000;0.0000;0.0000,0.0000,0.0000,0.0000,1,d1_F-A-D_b,1.0000
gemma-4-31b,constructed,d1_F-SS-N_b|d1_F-A-N_b,b,d1_F-SS-N_b,d1_F-A-N_b,OpenRouter,3,1.0000;0.9998;0.9993,0.0000;0.0000;0.0000,0.9998,0.0000,,0,,1.0000
gemma-4-31b,constructed,d1_F-SS-N_b|d1_F-A-P_b,b,d1_F-SS-N_b,d1_F-A-P_b,OpenRouter,3,1.0000;1.0000;1.0000,1.0000;1.0000;1.0000,1.0000,1.0000,1.0000,1,d1_F-SS-N_b,1.0000
gemma-4-31b,constructed,d1_F-SS-N_b|d1_F-L-D_b,b,d1_F-SS-N_b,d1_F-L-D_b,OpenRouter,3,0.0000;0.0000;0.0000,0.0000;0.0000;0.0000,0.0000,0.0000,0.0000,1,d1_F-L-D_b,1.0000
gemma-4-31b,constructed,d1_F-SS-N_b|d1_F-L-N_b,b,d1_F-SS-N_b,d1_F-L-N_b,OpenRouter,3,1.0000;1.0000;1.0000,0.9325;0.9707;0.5000,1.0000,0.9325,0.9662,1,d1_F-SS-N_b,1.0000
gemma-4-31b,constructed,d1_F-SS-N_b|d1_F-L-P_b,b,d1_F-SS-N_b,d1_F-L-P_b,OpenRouter,3,1.0000;1.0000;1.0000,1.0000;1.0000;1.0000,1.0000,1.0000,1.0000,1,d1_F-SS-N_b,1.0000
gemma-4-31b,constructed,d1_F-SS-N_b|d1_F-SS-D_b,b,d1_F-SS-N_b,d1_F-SS-D_b,OpenRouter,3,1.0000;1.0000;1.0000,1.0000;1.0000;1.0000,1.0000,1.0000,1.0000,1,d1_F-SS-N_b,1.0000
gemma-4-31b,constructed,d1_F-SS-N_b|d1_F-SS-P_b,b,d1_F-SS-N_b,d1_F-SS-P_b,OpenRouter,3,1.0000;1.0000;1.0000,1.0000;1.0000;1.0000,1.0000,1.0000,1.0000,1,d1_F-SS-N_b,1.0000
gemma-4-31b,constructed,d1_F-SS-N_c|d1_F-A-D_c,c,d1_F-SS-N_c,d1_F-A-D_c,OpenRouter,3,0.0000;0.0000;0.0000,0.0000;0.0000;0.0000,0.0000,0.0000,0.0000,1,d1_F-A-D_c,1.0000
gemma-4-31b,constructed,d1_F-SS-N_c|d1_F-A-N_c,c,d1_F-SS-N_c,d1_F-A-N_c,OpenRouter,3,0.9987;1.0000;1.0000,0.0028;0.0000;0.0000,1.0000,0.0000,,0,,1.0000
gemma-4-31b,constructed,d1_F-SS-N_c|d1_F-A-P_c,c,d1_F-SS-N_c,d1_F-A-P_c,OpenRouter,3,1.0000;1.0000;1.0000,0.9859;0.0001;0.0000,1.0000,0.0001,,0,,1.0000
gemma-4-31b,constructed,d1_F-SS-N_c|d1_F-L-D_c,c,d1_F-SS-N_c,d1_F-L-D_c,OpenRouter,3,0.0000;0.0000;0.0000,0.0000;0.0000;0.0000,0.0000,0.0000,0.0000,1,d1_F-L-D_c,1.0000
gemma-4-31b,constructed,d1_F-SS-N_c|d1_F-L-N_c,c,d1_F-SS-N_c,d1_F-L-N_c,OpenRouter,3,0.9996;0.9978;1.0000,0.1824;0.0010;0.1192,0.9996,0.1192,,0,,1.0000
gemma-4-31b,constructed,d1_F-SS-N_c|d1_F-L-P_c,c,d1_F-SS-N_c,d1_F-L-P_c,OpenRouter,3,1.0000;1.0000;1.0000,0.0000;0.0038;0.0054,1.0000,0.0038,,0,,1.0000
gemma-4-31b,constructed,d1_F-SS-N_c|d1_F-SS-D_c,c,d1_F-SS-N_c,d1_F-SS-D_c,OpenRouter,3,0.0019;0.5312;0.0303,0.0000;0.0000;0.0000,0.0303,0.0000,0.0151,1,d1_F-SS-D_c,1.0000
gemma-4-31b,constructed,d1_F-SS-N_c|d1_F-SS-P_c,c,d1_F-SS-N_c,d1_F-SS-P_c,OpenRouter,3,1.0000;1.0000;1.0000,1.0000;0.0006;0.9998,1.0000,0.9998,0.9999,1,d1_F-SS-N_c,1.0000
gemma-4-31b,constructed,d1_F-SS-P_a|d1_F-A-D_a,a,d1_F-SS-P_a,d1_F-A-D_a,OpenRouter,3,0.0000;0.0000;0.0000,0.0000;0.0000;0.0000,0.0000,0.0000,0.0000,1,d1_F-A-D_a,1.0000
gemma-4-31b,constructed,d1_F-SS-P_a|d1_F-A-N_a,a,d1_F-SS-P_a,d1_F-A-N_a,OpenRouter,3,1.0000;1.0000;1.0000,0.9999;0.9008;0.9630,1.0000,0.9630,0.9815,1,d1_F-SS-P_a,1.0000
gemma-4-31b,constructed,d1_F-SS-P_a|d1_F-A-P_a,a,d1_F-SS-P_a,d1_F-A-P_a,OpenRouter,3,1.0000;1.0000;0.9999,0.0000;0.0000;0.0000,1.0000,0.0000,,0,,1.0000
gemma-4-31b,constructed,d1_F-SS-P_a|d1_F-L-D_a,a,d1_F-SS-P_a,d1_F-L-D_a,OpenRouter,3,0.0000;0.0000;0.0000,0.0000;0.0000;0.0000,0.0000,0.0000,0.0000,1,d1_F-L-D_a,1.0000
gemma-4-31b,constructed,d1_F-SS-P_a|d1_F-L-N_a,a,d1_F-SS-P_a,d1_F-L-N_a,OpenRouter,3,1.0000;1.0000;1.0000,0.9924;0.9999;0.9998,1.0000,0.9998,0.9999,1,d1_F-SS-P_a,1.0000
gemma-4-31b,constructed,d1_F-SS-P_a|d1_F-L-P_a,a,d1_F-SS-P_a,d1_F-L-P_a,OpenRouter,3,0.7311;0.9990;0.9990,0.0013;0.0006;0.0001,0.9990,0.0006,,0,,1.0000
gemma-4-31b,constructed,d1_F-SS-P_b|d1_F-A-D_b,b,d1_F-SS-P_b,d1_F-A-D_b,OpenRouter,3,0.0000;0.0000;0.0000,0.0000;0.0000;0.0000,0.0000,0.0000,0.0000,1,d1_F-A-D_b,1.0000
gemma-4-31b,constructed,d1_F-SS-P_b|d1_F-A-N_b,b,d1_F-SS-P_b,d1_F-A-N_b,OpenRouter,3,0.0059;0.0000;0.0000,0.0000;0.0000;0.0000,0.0000,0.0000,0.0000,1,d1_F-A-N_b,1.0000
gemma-4-31b,constructed,d1_F-SS-P_b|d1_F-A-P_b,b,d1_F-SS-P_b,d1_F-A-P_b,OpenRouter,3,0.4688;0.9715;0.9963,0.0000;0.0000;0.0000,0.9715,0.0000,,0,,1.0000
gemma-4-31b,constructed,d1_F-SS-P_b|d1_F-L-D_b,b,d1_F-SS-P_b,d1_F-L-D_b,OpenRouter,3,0.0000;0.0000;0.0000,0.0000;0.0000;0.0000,0.0000,0.0000,0.0000,1,d1_F-L-D_b,1.0000
gemma-4-31b,constructed,d1_F-SS-P_b|d1_F-L-N_b,b,d1_F-SS-P_b,d1_F-L-N_b,OpenRouter,3,0.0000;0.0017;0.0021,0.0000;0.0000;0.0000,0.0017,0.0000,0.0008,1,d1_F-L-N_b,1.0000
gemma-4-31b,constructed,d1_F-SS-P_b|d1_F-L-P_b,b,d1_F-SS-P_b,d1_F-L-P_b,OpenRouter,3,0.0006;0.0026;0.0001,0.0000;0.0000;0.0000,0.0006,0.0000,0.0003,1,d1_F-L-P_b,1.0000
gemma-4-31b,constructed,d1_F-SS-P_c|d1_F-A-D_c,c,d1_F-SS-P_c,d1_F-A-D_c,OpenRouter,3,0.0000;0.0000;0.0000,0.0000;0.0000;0.0000,0.0000,0.0000,0.0000,1,d1_F-A-D_c,1.0000
gemma-4-31b,constructed,d1_F-SS-P_c|d1_F-A-N_c,c,d1_F-SS-P_c,d1_F-A-N_c,OpenRouter,3,1.0000;1.0000;1.0000,0.0000;0.2942;0.1192,1.0000,0.1192,,0,,1.0000
gemma-4-31b,constructed,d1_F-SS-P_c|d1_F-A-P_c,c,d1_F-SS-P_c,d1_F-A-P_c,OpenRouter,3,1.0000;1.0000;1.0000,0.0000;0.0000;0.0000,1.0000,0.0000,,0,,1.0000
gemma-4-31b,constructed,d1_F-SS-P_c|d1_F-L-D_c,c,d1_F-SS-P_c,d1_F-L-D_c,OpenRouter,3,0.0000;0.0000;0.0000,0.0000;0.0000;0.0000,0.0000,0.0000,0.0000,1,d1_F-L-D_c,1.0000
gemma-4-31b,constructed,d1_F-SS-P_c|d1_F-L-N_c,c,d1_F-SS-P_c,d1_F-L-N_c,OpenRouter,3,1.0000;1.0000;1.0000,0.9988;1.0000;1.0000,1.0000,1.0000,1.0000,1,d1_F-SS-P_c,1.0000
gemma-4-31b,constructed,d1_F-SS-P_c|d1_F-L-P_c,c,d1_F-SS-P_c,d1_F-L-P_c,OpenRouter,3,0.0004;0.9999;0.9999,0.0000;0.0002;0.0002,0.9999,0.0002,,0,,1.0000
gemma-4-31b,main,d1_A_a|d1_D12_a,a,d1_A_a,d1_D12_a,CoreWeave,1,1.0000,0.9981,1.0000,0.9981,0.9990,1,d1_A_a,1.0000
gemma-4-31b,main,d1_A_a|d1_D4_a,a,d1_A_a,d1_D4_a,CoreWeave,1,0.0000,0.0000,0.0000,0.0000,0.0000,1,d1_D4_a,1.0000
gemma-4-31b,main,d1_A_a|d1_L_a,a,d1_A_a,d1_L_a,CoreWeave,3,0.0001;0.9912;0.9525,0.0028;0.0028;0.0003,0.9525,0.0028,,0,,1.0000
gemma-4-31b,main,d1_A_a|d1_Lp_a,a,d1_A_a,d1_Lp_a,CoreWeave,3,0.9998;0.9933;0.9972,0.9999;1.0000;0.9999,0.9972,0.9999,0.9986,1,d1_A_a,1.0000
gemma-4-31b,main,d1_A_a|d1_M_a,a,d1_A_a,d1_M_a,CoreWeave,3,1.0000;1.0000;1.0000,1.0000;1.0000;1.0000,1.0000,1.0000,1.0000,1,d1_A_a,1.0000
gemma-4-31b,main,d1_A_a|d1_SN_a,a,d1_A_a,d1_SN_a,CoreWeave,3,0.0001;0.1641;0.0203,0.0180;0.1824;0.9995,0.0203,0.1824,0.1014,1,d1_SN_a,1.0000
gemma-4-31b,main,d1_A_a|d1_SS_a,a,d1_A_a,d1_SS_a,CoreWeave,3,1.0000;1.0000;1.0000,1.0000;1.0000;1.0000,1.0000,1.0000,1.0000,1,d1_A_a,1.0000
gemma-4-31b,main,d1_A_a|d1_S_a,a,d1_A_a,d1_S_a,CoreWeave,3,1.0000;1.0000;1.0000,1.0000;1.0000;1.0000,1.0000,1.0000,1.0000,1,d1_A_a,1.0000
gemma-4-31b,main,d1_A_a|d1_W_a,a,d1_A_a,d1_W_a,CoreWeave,3,1.0000;1.0000;1.0000,1.0000;1.0000;1.0000,1.0000,1.0000,1.0000,1,d1_A_a,1.0000
gemma-4-31b,main,d1_A_b|d1_D12_b,b,d1_A_b,d1_D12_b,CoreWeave,1,1.0000,1.0000,1.0000,1.0000,1.0000,1,d1_A_b,1.0000
gemma-4-31b,main,d1_A_b|d1_D4_b,b,d1_A_b,d1_D4_b,CoreWeave,1,0.0000,0.0000,0.0000,0.0000,0.0000,1,d1_D4_b,1.0000
gemma-4-31b,main,d1_A_b|d1_L_b,b,d1_A_b,d1_L_b,CoreWeave,3,0.0017;0.0113;0.9841,0.9914;1.0000;1.0000,0.0113,1.0000,,0,,1.0000
gemma-4-31b,main,d1_A_b|d1_Lp_b,b,d1_A_b,d1_Lp_b,CoreWeave,3,1.0000;1.0000;1.0000,0.9941;0.9994;1.0000,1.0000,0.9994,0.9997,1,d1_A_b,1.0000
gemma-4-31b,main,d1_A_b|d1_M_b,b,d1_A_b,d1_M_b,CoreWeave,3,1.0000;1.0000;1.0000,1.0000;1.0000;1.0000,1.0000,1.0000,1.0000,1,d1_A_b,1.0000
gemma-4-31b,main,d1_A_b|d1_SN_b,b,d1_A_b,d1_SN_b,CoreWeave,3,0.8670;0.9995;0.9983,1.0000;1.0000;1.0000,0.9983,1.0000,0.9991,1,d1_A_b,1.0000
gemma-4-31b,main,d1_A_b|d1_SS_b,b,d1_A_b,d1_SS_b,CoreWeave,3,1.0000;1.0000;1.0000,1.0000;1.0000;1.0000,1.0000,1.0000,1.0000,1,d1_A_b,1.0000
gemma-4-31b,main,d1_A_b|d1_S_b,b,d1_A_b,d1_S_b,CoreWeave,3,1.0000;1.0000;1.0000,1.0000;1.0000;1.0000,1.0000,1.0000,1.0000,1,d1_A_b,1.0000
gemma-4-31b,main,d1_A_b|d1_W_b,b,d1_A_b,d1_W_b,CoreWeave,3,1.0000;1.0000;1.0000,1.0000;1.0000;1.0000,1.0000,1.0000,1.0000,1,d1_A_b,1.0000
gemma-4-31b,main,d1_A_c|d1_D12_c,c,d1_A_c,d1_D12_c,CoreWeave,1,1.0000,0.9997,1.0000,0.9997,0.9999,1,d1_A_c,1.0000
gemma-4-31b,main,d1_A_c|d1_D4_c,c,d1_A_c,d1_D4_c,CoreWeave,1,0.0000,0.0000,0.0000,0.0000,0.0000,1,d1_D4_c,1.0000
gemma-4-31b,main,d1_A_c|d1_L_c,c,d1_A_c,d1_L_c,CoreWeave,3,0.4688;0.0010;0.0076,0.0009;0.0019;0.0180,0.0076,0.0019,0.0048,1,d1_L_c,1.0000
gemma-4-31b,main,d1_A_c|d1_Lp_c,c,d1_A_c,d1_Lp_c,CoreWeave,3,0.9964;1.0000;1.0000,1.0000;1.0000;1.0000,1.0000,1.0000,1.0000,1,d1_A_c,1.0000
gemma-4-31b,main,d1_A_c|d1_M_c,c,d1_A_c,d1_M_c,CoreWeave,3,1.0000;1.0000;1.0000,1.0000;1.0000;1.0000,1.0000,1.0000,1.0000,1,d1_A_c,1.0000
gemma-4-31b,main,d1_A_c|d1_SN_c,c,d1_A_c,d1_SN_c,CoreWeave,3,0.9997;0.9999;0.9991,1.0000;1.0000;1.0000,0.9997,1.0000,0.9999,1,d1_A_c,1.0000
gemma-4-31b,main,d1_A_c|d1_SS_c,c,d1_A_c,d1_SS_c,CoreWeave,3,1.0000;1.0000;1.0000,1.0000;1.0000;1.0000,1.0000,1.0000,1.0000,1,d1_A_c,1.0000
gemma-4-31b,main,d1_A_c|d1_S_c,c,d1_A_c,d1_S_c,CoreWeave,3,1.0000;1.0000;1.0000,1.0000;1.0000;1.0000,1.0000,1.0000,1.0000,1,d1_A_c,1.0000
gemma-4-31b,main,d1_A_c|d1_W_c,c,d1_A_c,d1_W_c,CoreWeave,3,1.0000;1.0000;1.0000,1.0000;1.0000;1.0000,1.0000,1.0000,1.0000,1,d1_A_c,1.0000
gemma-4-31b,main,d1_D4_a|d1_D12_a,a,d1_D4_a,d1_D12_a,CoreWeave,1,1.0000,1.0000,1.0000,1.0000,1.0000,1,d1_D4_a,1.0000
gemma-4-31b,main,d1_D4_b|d1_D12_b,b,d1_D4_b,d1_D12_b,CoreWeave,1,1.0000,1.0000,1.0000,1.0000,1.0000,1,d1_D4_b,1.0000
gemma-4-31b,main,d1_D4_c|d1_D12_c,c,d1_D4_c,d1_D12_c,CoreWeave,1,1.0000,1.0000,1.0000,1.0000,1.0000,1,d1_D4_c,1.0000
gemma-4-31b,main,d1_L_a|d1_D12_a,a,d1_L_a,d1_D12_a,CoreWeave,1,1.0000,1.0000,1.0000,1.0000,1.0000,1,d1_L_a,1.0000
gemma-4-31b,main,d1_L_a|d1_D4_a,a,d1_L_a,d1_D4_a,CoreWeave,1,0.0000,0.0000,0.0000,0.0000,0.0000,1,d1_D4_a,1.0000
gemma-4-31b,main,d1_L_a|d1_Lp_a,a,d1_L_a,d1_Lp_a,CoreWeave,3,0.0675;0.9999;0.9999,0.0006;0.0000;0.0000,0.9999,0.0000,,0,,1.0000
gemma-4-31b,main,d1_L_a|d1_M_a,a,d1_L_a,d1_M_a,CoreWeave,3,1.0000;1.0000;1.0000,1.0000;1.0000;1.0000,1.0000,1.0000,1.0000,1,d1_L_a,1.0000
gemma-4-31b,main,d1_L_a|d1_SN_a,a,d1_L_a,d1_SN_a,CoreWeave,3,1.0000;1.0000;1.0000,1.0000;1.0000;1.0000,1.0000,1.0000,1.0000,1,d1_L_a,1.0000
gemma-4-31b,main,d1_L_a|d1_SS_a,a,d1_L_a,d1_SS_a,CoreWeave,3,1.0000;1.0000;1.0000,1.0000;1.0000;1.0000,1.0000,1.0000,1.0000,1,d1_L_a,1.0000
gemma-4-31b,main,d1_L_a|d1_S_a,a,d1_L_a,d1_S_a,CoreWeave,3,1.0000;1.0000;1.0000,1.0000;1.0000;1.0000,1.0000,1.0000,1.0000,1,d1_L_a,1.0000
gemma-4-31b,main,d1_L_a|d1_W_a,a,d1_L_a,d1_W_a,CoreWeave,3,1.0000;1.0000;1.0000,1.0000;1.0000;1.0000,1.0000,1.0000,1.0000,1,d1_L_a,1.0000
gemma-4-31b,main,d1_L_b|d1_D12_b,b,d1_L_b,d1_D12_b,CoreWeave,1,1.0000,0.0124,1.0000,0.0124,,0,,1.0000
gemma-4-31b,main,d1_L_b|d1_D4_b,b,d1_L_b,d1_D4_b,CoreWeave,1,0.0000,0.0000,0.0000,0.0000,0.0000,1,d1_D4_b,1.0000
gemma-4-31b,main,d1_L_b|d1_Lp_b,b,d1_L_b,d1_Lp_b,CoreWeave,3,0.9985;0.9991;0.9999,0.0000;0.0000;0.0000,0.9991,0.0000,,0,,1.0000
gemma-4-31b,main,d1_L_b|d1_M_b,b,d1_L_b,d1_M_b,CoreWeave,3,1.0000;1.0000;1.0000,1.0000;1.0000;1.0000,1.0000,1.0000,1.0000,1,d1_L_b,1.0000
gemma-4-31b,main,d1_L_b|d1_SN_b,b,d1_L_b,d1_SN_b,CoreWeave,3,0.9948;0.2912;0.3808,1.0000;1.0000;1.0000,0.3808,1.0000,,0,,1.0000
gemma-4-31b,main,d1_L_b|d1_SS_b,b,d1_L_b,d1_SS_b,CoreWeave,3,1.0000;1.0000;1.0000,1.0000;1.0000;1.0000,1.0000,1.0000,1.0000,1,d1_L_b,1.0000
gemma-4-31b,main,d1_L_b|d1_S_b,b,d1_L_b,d1_S_b,CoreWeave,3,1.0000;1.0000;1.0000,0.9999;1.0000;1.0000,1.0000,1.0000,1.0000,1,d1_L_b,1.0000
gemma-4-31b,main,d1_L_b|d1_W_b,b,d1_L_b,d1_W_b,CoreWeave,3,1.0000;1.0000;1.0000,1.0000;1.0000;1.0000,1.0000,1.0000,1.0000,1,d1_L_b,1.0000
gemma-4-31b,main,d1_L_c|d1_D12_c,c,d1_L_c,d1_D12_c,CoreWeave,1,1.0000,0.2018,1.0000,0.2018,,0,,1.0000
gemma-4-31b,main,d1_L_c|d1_D4_c,c,d1_L_c,d1_D4_c,CoreWeave,1,0.0000,0.0000,0.0000,0.0000,0.0000,1,d1_D4_c,1.0000
gemma-4-31b,main,d1_L_c|d1_Lp_c,c,d1_L_c,d1_Lp_c,CoreWeave,3,0.9994;0.9999;0.9959,0.0000;0.0000;0.0000,0.9994,0.0000,,0,,1.0000
gemma-4-31b,main,d1_L_c|d1_M_c,c,d1_L_c,d1_M_c,CoreWeave,3,1.0000;1.0000;1.0000,1.0000;1.0000;1.0000,1.0000,1.0000,1.0000,1,d1_L_c,1.0000
gemma-4-31b,main,d1_L_c|d1_SN_c,c,d1_L_c,d1_SN_c,Novita,3,1.0000;1.0000;1.0000,1.0000;1.0000;1.0000,1.0000,1.0000,1.0000,1,d1_L_c,1.0000
gemma-4-31b,main,d1_L_c|d1_SS_c,c,d1_L_c,d1_SS_c,CoreWeave,3,1.0000;1.0000;1.0000,1.0000;1.0000;1.0000,1.0000,1.0000,1.0000,1,d1_L_c,1.0000
gemma-4-31b,main,d1_L_c|d1_S_c,c,d1_L_c,d1_S_c,CoreWeave,3,1.0000;1.0000;1.0000,1.0000;1.0000;1.0000,1.0000,1.0000,1.0000,1,d1_L_c,1.0000
gemma-4-31b,main,d1_L_c|d1_W_c,c,d1_L_c,d1_W_c,CoreWeave,3,1.0000;1.0000;1.0000,1.0000;1.0000;1.0000,1.0000,1.0000,1.0000,1,d1_L_c,1.0000
gemma-4-31b,main,d1_Lp_a|d1_D12_a,a,d1_Lp_a,d1_D12_a,CoreWeave,1,1.0000,1.0000,1.0000,1.0000,1.0000,1,d1_Lp_a,1.0000
gemma-4-31b,main,d1_Lp_a|d1_D4_a,a,d1_Lp_a,d1_D4_a,CoreWeave,1,0.0373,0.0000,0.0373,0.0000,0.0187,1,d1_D4_a,1.0000
gemma-4-31b,main,d1_Lp_a|d1_S_a,a,d1_Lp_a,d1_S_a,Venice,3,1.0000;1.0000;1.0000,1.0000;1.0000;1.0000,1.0000,1.0000,1.0000,1,d1_Lp_a,1.0000
gemma-4-31b,main,d1_Lp_b|d1_D12_b,b,d1_Lp_b,d1_D12_b,CoreWeave,1,1.0000,0.0002,1.0000,0.0002,,0,,1.0000
gemma-4-31b,main,d1_Lp_b|d1_D4_b,b,d1_Lp_b,d1_D4_b,Venice,1,0.7311,0.0000,0.7311,0.0000,,0,,1.0000
gemma-4-31b,main,d1_Lp_b|d1_S_b,b,d1_Lp_b,d1_S_b,CoreWeave,3,0.9990;1.0000;1.0000,0.9999;0.9993;0.9995,1.0000,0.9995,0.9997,1,d1_Lp_b,1.0000
gemma-4-31b,main,d1_Lp_c|d1_D12_c,c,d1_Lp_c,d1_D12_c,CoreWeave,1,1.0000,0.9995,1.0000,0.9995,0.9998,1,d1_Lp_c,1.0000
gemma-4-31b,main,d1_Lp_c|d1_D4_c,c,d1_Lp_c,d1_D4_c,CoreWeave,1,0.9998,0.0000,0.9998,0.0000,,0,,1.0000
gemma-4-31b,main,d1_Lp_c|d1_S_c,c,d1_Lp_c,d1_S_c,CoreWeave,3,1.0000;1.0000;1.0000,1.0000;1.0000;1.0000,1.0000,1.0000,1.0000,1,d1_Lp_c,1.0000
gemma-4-31b,main,d1_M_a|d1_D12_a,a,d1_M_a,d1_D12_a,CoreWeave,1,0.0000,0.0000,0.0000,0.0000,0.0000,1,d1_D12_a,1.0000
gemma-4-31b,main,d1_M_a|d1_D4_a,a,d1_M_a,d1_D4_a,CoreWeave,1,0.0000,0.0000,0.0000,0.0000,0.0000,1,d1_D4_a,1.0000
gemma-4-31b,main,d1_M_a|d1_Lp_a,a,d1_M_a,d1_Lp_a,Venice,3,0.0000;0.0000;0.0000,0.0000;0.0000;0.0000,0.0000,0.0000,0.0000,1,d1_Lp_a,1.0000
gemma-4-31b,main,d1_M_a|d1_SS_a,a,d1_M_a,d1_SS_a,CoreWeave,3,1.0000;1.0000;1.0000,1.0000;1.0000;1.0000,1.0000,1.0000,1.0000,1,d1_M_a,1.0000
gemma-4-31b,main,d1_M_a|d1_S_a,a,d1_M_a,d1_S_a,CoreWeave,3,0.9983;0.9992;0.8879,0.0052;0.0000;0.0336,0.9983,0.0052,,0,,1.0000
gemma-4-31b,main,d1_M_b|d1_D12_b,b,d1_M_b,d1_D12_b,CoreWeave,1,0.0000,0.0000,0.0000,0.0000,0.0000,1,d1_D12_b,1.0000
gemma-4-31b,main,d1_M_b|d1_D4_b,b,d1_M_b,d1_D4_b,CoreWeave,1,0.0000,0.0000,0.0000,0.0000,0.0000,1,d1_D4_b,1.0000
gemma-4-31b,main,d1_M_b|d1_Lp_b,b,d1_M_b,d1_Lp_b,CoreWeave,3,0.0000;0.0000;0.0000,0.0000;0.0000;0.0000,0.0000,0.0000,0.0000,1,d1_Lp_b,1.0000
gemma-4-31b,main,d1_M_b|d1_SS_b,b,d1_M_b,d1_SS_b,CoreWeave,3,0.9740;0.9887;0.1388,0.0601;0.9754;0.9944,0.9740,0.9754,0.9747,1,d1_M_b,1.0000
gemma-4-31b,main,d1_M_b|d1_S_b,b,d1_M_b,d1_S_b,Venice,3,0.0000;0.0000;0.0000,0.0000;0.0000;0.0000,0.0000,0.0000,0.0000,1,d1_S_b,1.0000
gemma-4-31b,main,d1_M_c|d1_D12_c,c,d1_M_c,d1_D12_c,CoreWeave,1,0.0000,0.0000,0.0000,0.0000,0.0000,1,d1_D12_c,1.0000
gemma-4-31b,main,d1_M_c|d1_D4_c,c,d1_M_c,d1_D4_c,CoreWeave,1,0.0000,0.0000,0.0000,0.0000,0.0000,1,d1_D4_c,1.0000
gemma-4-31b,main,d1_M_c|d1_Lp_c,c,d1_M_c,d1_Lp_c,Venice,3,0.0000;0.0000;0.0000,0.0000;0.0000;0.0000,0.0000,0.0000,0.0000,1,d1_Lp_c,1.0000
gemma-4-31b,main,d1_M_c|d1_SS_c,c,d1_M_c,d1_SS_c,CoreWeave,3,0.0000;0.0000;0.0000,0.0000;0.0000;0.0000,0.0000,0.0000,0.0000,1,d1_SS_c,1.0000
gemma-4-31b,main,d1_M_c|d1_S_c,c,d1_M_c,d1_S_c,CoreWeave,3,0.0000;0.0000;0.0000,0.0000;0.0000;0.0000,0.0000,0.0000,0.0000,1,d1_S_c,1.0000
gemma-4-31b,main,d1_SN_a|d1_D12_a,a,d1_SN_a,d1_D12_a,CoreWeave,1,0.9983,0.0076,0.9983,0.0076,,0,,1.0000
gemma-4-31b,main,d1_SN_a|d1_D4_a,a,d1_SN_a,d1_D4_a,CoreWeave,1,0.0000,0.0000,0.0000,0.0000,0.0000,1,d1_D4_a,1.0000
gemma-4-31b,main,d1_SN_a|d1_Lp_a,a,d1_SN_a,d1_Lp_a,CoreWeave,3,0.5000;1.0000;1.0000,1.0000;1.0000;1.0000,1.0000,1.0000,1.0000,1,d1_SN_a,1.0000
gemma-4-31b,main,d1_SN_a|d1_M_a,a,d1_SN_a,d1_M_a,CoreWeave,3,1.0000;1.0000;1.0000,1.0000;1.0000;1.0000,1.0000,1.0000,1.0000,1,d1_SN_a,1.0000
gemma-4-31b,main,d1_SN_a|d1_SS_a,a,d1_SN_a,d1_SS_a,CoreWeave,3,1.0000;1.0000;1.0000,1.0000;1.0000;1.0000,1.0000,1.0000,1.0000,1,d1_SN_a,1.0000
gemma-4-31b,main,d1_SN_a|d1_S_a,a,d1_SN_a,d1_S_a,CoreWeave,3,1.0000;1.0000;1.0000,1.0000;1.0000;1.0000,1.0000,1.0000,1.0000,1,d1_SN_a,1.0000
gemma-4-31b,main,d1_SN_a|d1_W_a,a,d1_SN_a,d1_W_a,CoreWeave,3,1.0000;1.0000;1.0000,1.0000;1.0000;1.0000,1.0000,1.0000,1.0000,1,d1_SN_a,1.0000
gemma-4-31b,main,d1_SN_b|d1_D12_b,b,d1_SN_b,d1_D12_b,Venice,1,0.9941,1.0000,0.9941,1.0000,0.9970,1,d1_SN_b,1.0000
gemma-4-31b,main,d1_SN_b|d1_D4_b,b,d1_SN_b,d1_D4_b,CoreWeave,1,0.0000,0.0000,0.0000,0.0000,0.0000,1,d1_D4_b,1.0000
gemma-4-31b,main,d1_SN_b|d1_Lp_b,b,d1_SN_b,d1_Lp_b,CoreWeave,3,0.8933;0.0690;0.9241,0.9985;0.9985;0.9975,0.8933,0.9985,0.9459,1,d1_SN_b,1.0000
gemma-4-31b,main,d1_SN_b|d1_M_b,b,d1_SN_b,d1_M_b,CoreWeave,3,1.0000;1.0000;1.0000,1.0000;1.0000;1.0000,1.0000,1.0000,1.0000,1,d1_SN_b,1.0000
gemma-4-31b,main,d1_SN_b|d1_SS_b,b,d1_SN_b,d1_SS_b,CoreWeave,3,1.0000;1.0000;1.0000,1.0000;1.0000;1.0000,1.0000,1.0000,1.0000,1,d1_SN_b,1.0000
gemma-4-31b,main,d1_SN_b|d1_S_b,b,d1_SN_b,d1_S_b,Venice,3,0.9999;1.0000;1.0000,1.0000;1.0000;1.0000,1.0000,1.0000,1.0000,1,d1_SN_b,1.0000
gemma-4-31b,main,d1_SN_b|d1_W_b,b,d1_SN_b,d1_W_b,CoreWeave,3,1.0000;0.9998;0.9995,0.9999;1.0000;0.9999,0.9998,0.9999,0.9999,1,d1_SN_b,1.0000
gemma-4-31b,main,d1_SN_c|d1_D12_c,c,d1_SN_c,d1_D12_c,CoreWeave,1,0.9959,0.0000,0.9959,0.0000,,0,,1.0000
gemma-4-31b,main,d1_SN_c|d1_D4_c,c,d1_SN_c,d1_D4_c,CoreWeave,1,0.0000,0.0000,0.0000,0.0000,0.0000,1,d1_D4_c,1.0000
gemma-4-31b,main,d1_SN_c|d1_Lp_c,c,d1_SN_c,d1_Lp_c,CoreWeave,3,0.0001;0.0654;0.1567,0.0124;0.0022;0.9526,0.0654,0.0124,0.0389,1,d1_Lp_c,1.0000
gemma-4-31b,main,d1_SN_c|d1_M_c,c,d1_SN_c,d1_M_c,CoreWeave,3,1.0000;1.0000;1.0000,1.0000;1.0000;1.0000,1.0000,1.0000,1.0000,1,d1_SN_c,1.0000
gemma-4-31b,main,d1_SN_c|d1_SS_c,c,d1_SN_c,d1_SS_c,CoreWeave,3,1.0000;1.0000;1.0000,1.0000;1.0000;1.0000,1.0000,1.0000,1.0000,1,d1_SN_c,1.0000
gemma-4-31b,main,d1_SN_c|d1_S_c,c,d1_SN_c,d1_S_c,CoreWeave,3,1.0000;1.0000;1.0000,1.0000;1.0000;1.0000,1.0000,1.0000,1.0000,1,d1_SN_c,1.0000
gemma-4-31b,main,d1_SN_c|d1_W_c,c,d1_SN_c,d1_W_c,CoreWeave,3,1.0000;1.0000;1.0000,1.0000;1.0000;1.0000,1.0000,1.0000,1.0000,1,d1_SN_c,1.0000
gemma-4-31b,main,d1_SS_a|d1_D12_a,a,d1_SS_a,d1_D12_a,CoreWeave,1,0.0000,0.0000,0.0000,0.0000,0.0000,1,d1_D12_a,1.0000
gemma-4-31b,main,d1_SS_a|d1_D4_a,a,d1_SS_a,d1_D4_a,Venice,1,0.0000,0.0000,0.0000,0.0000,0.0000,1,d1_D4_a,1.0000
gemma-4-31b,main,d1_SS_a|d1_Lp_a,a,d1_SS_a,d1_Lp_a,CoreWeave,3,0.0000;0.0000;0.0000,0.0000;0.0000;0.0000,0.0000,0.0000,0.0000,1,d1_Lp_a,1.0000
gemma-4-31b,main,d1_SS_a|d1_S_a,a,d1_SS_a,d1_S_a,CoreWeave,3,0.0000;0.0000;0.0000,0.0000;0.0000;0.0000,0.0000,0.0000,0.0000,1,d1_S_a,1.0000
gemma-4-31b,main,d1_SS_b|d1_D12_b,b,d1_SS_b,d1_D12_b,CoreWeave,1,0.0000,0.0000,0.0000,0.0000,0.0000,1,d1_D12_b,1.0000
gemma-4-31b,main,d1_SS_b|d1_D4_b,b,d1_SS_b,d1_D4_b,CoreWeave,1,0.0000,0.0000,0.0000,0.0000,0.0000,1,d1_D4_b,1.0000
gemma-4-31b,main,d1_SS_b|d1_Lp_b,b,d1_SS_b,d1_Lp_b,CoreWeave,3,0.9924;1.0000;0.9968,0.6792;0.0025;0.0086,0.9968,0.0086,,0,,1.0000
gemma-4-31b,main,d1_SS_b|d1_S_b,b,d1_SS_b,d1_S_b,CoreWeave,3,0.0000;0.0000;0.0000,0.0000;0.0000;0.0000,0.0000,0.0000,0.0000,1,d1_S_b,1.0000
gemma-4-31b,main,d1_SS_c|d1_D12_c,c,d1_SS_c,d1_D12_c,CoreWeave,1,0.0000,0.0000,0.0000,0.0000,0.0000,1,d1_D12_c,1.0000
gemma-4-31b,main,d1_SS_c|d1_D4_c,c,d1_SS_c,d1_D4_c,CoreWeave,1,0.0000,0.0000,0.0000,0.0000,0.0000,1,d1_D4_c,1.0000
gemma-4-31b,main,d1_SS_c|d1_Lp_c,c,d1_SS_c,d1_Lp_c,CoreWeave,3,0.0000;0.0000;0.0000,0.0000;0.0000;0.0000,0.0000,0.0000,0.0000,1,d1_Lp_c,1.0000
gemma-4-31b,main,d1_SS_c|d1_S_c,c,d1_SS_c,d1_S_c,CoreWeave,3,0.0000;0.0000;0.0000,0.0000;0.0000;0.0000,0.0000,0.0000,0.0000,1,d1_S_c,1.0000
gemma-4-31b,main,d1_S_a|d1_D12_a,a,d1_S_a,d1_D12_a,Venice,1,0.0000,0.0000,0.0000,0.0000,0.0000,1,d1_D12_a,1.0000
gemma-4-31b,main,d1_S_a|d1_D4_a,a,d1_S_a,d1_D4_a,CoreWeave,1,0.0000,0.0000,0.0000,0.0000,0.0000,1,d1_D4_a,1.0000
gemma-4-31b,main,d1_S_b|d1_D12_b,b,d1_S_b,d1_D12_b,CoreWeave,1,0.0022,0.9959,0.0022,0.9959,,0,,1.0000
gemma-4-31b,main,d1_S_b|d1_D4_b,b,d1_S_b,d1_D4_b,CoreWeave,1,0.0000,0.0000,0.0000,0.0000,0.0000,1,d1_D4_b,1.0000
gemma-4-31b,main,d1_S_c|d1_D12_c,c,d1_S_c,d1_D12_c,CoreWeave,1,0.0000,0.0000,0.0000,0.0000,0.0000,1,d1_D12_c,1.0000
gemma-4-31b,main,d1_S_c|d1_D4_c,c,d1_S_c,d1_D4_c,CoreWeave,1,0.0000,0.0000,0.0000,0.0000,0.0000,1,d1_D4_c,1.0000
gemma-4-31b,main,d1_W_a|d1_D12_a,a,d1_W_a,d1_D12_a,Venice,1,0.0000,0.0000,0.0000,0.0000,0.0000,1,d1_D12_a,1.0000
gemma-4-31b,main,d1_W_a|d1_D4_a,a,d1_W_a,d1_D4_a,CoreWeave,1,0.0000,0.0000,0.0000,0.0000,0.0000,1,d1_D4_a,1.0000
gemma-4-31b,main,d1_W_a|d1_Lp_a,a,d1_W_a,d1_Lp_a,CoreWeave,3,0.0000;0.0000;0.0000,0.0000;0.0000;0.0000,0.0000,0.0000,0.0000,1,d1_Lp_a,1.0000
gemma-4-31b,main,d1_W_a|d1_M_a,a,d1_W_a,d1_M_a,CoreWeave,3,0.0001;0.0001;0.0002,0.0001;0.0000;0.0007,0.0001,0.0001,0.0001,1,d1_M_a,1.0000
gemma-4-31b,main,d1_W_a|d1_SS_a,a,d1_W_a,d1_SS_a,CoreWeave,3,0.0000;0.0017;0.0041,0.0022;0.9669;0.0005,0.0017,0.0022,0.0019,1,d1_SS_a,1.0000
gemma-4-31b,main,d1_W_a|d1_S_a,a,d1_W_a,d1_S_a,Venice,3,0.0000;0.0001;0.0000,0.0000;0.0000;0.0000,0.0000,0.0000,0.0000,1,d1_S_a,1.0000
gemma-4-31b,main,d1_W_b|d1_D12_b,b,d1_W_b,d1_D12_b,CoreWeave,1,0.9959,0.0001,0.9959,0.0001,,0,,1.0000
gemma-4-31b,main,d1_W_b|d1_D4_b,b,d1_W_b,d1_D4_b,Venice,1,0.0000,0.0000,0.0000,0.0000,0.0000,1,d1_D4_b,1.0000
gemma-4-31b,main,d1_W_b|d1_Lp_b,b,d1_W_b,d1_Lp_b,Venice,3,0.0000;0.0000;0.0000,0.0000;0.0000;0.0000,0.0000,0.0000,0.0000,1,d1_Lp_b,1.0000
gemma-4-31b,main,d1_W_b|d1_M_b,b,d1_W_b,d1_M_b,CoreWeave,3,1.0000;1.0000;1.0000,1.0000;1.0000;1.0000,1.0000,1.0000,1.0000,1,d1_W_b,1.0000
gemma-4-31b,main,d1_W_b|d1_SS_b,b,d1_W_b,d1_SS_b,CoreWeave,3,1.0000;0.9995;0.9995,1.0000;1.0000;1.0000,0.9995,1.0000,0.9998,1,d1_W_b,1.0000
gemma-4-31b,main,d1_W_b|d1_S_b,b,d1_W_b,d1_S_b,CoreWeave,3,1.0000;0.9902;1.0000,0.9924;1.0000;0.9999,1.0000,0.9999,1.0000,1,d1_W_b,1.0000
gemma-4-31b,main,d1_W_c|d1_D12_c,c,d1_W_c,d1_D12_c,CoreWeave,1,0.0000,0.0000,0.0000,0.0000,0.0000,1,d1_D12_c,1.0000
gemma-4-31b,main,d1_W_c|d1_D4_c,c,d1_W_c,d1_D4_c,CoreWeave,1,0.0000,0.0000,0.0000,0.0000,0.0000,1,d1_D4_c,1.0000
gemma-4-31b,main,d1_W_c|d1_Lp_c,c,d1_W_c,d1_Lp_c,CoreWeave,3,0.0000;0.0000;0.0000,0.0000;0.0000;0.0000,0.0000,0.0000,0.0000,1,d1_Lp_c,1.0000
gemma-4-31b,main,d1_W_c|d1_M_c,c,d1_W_c,d1_M_c,Venice,3,1.0000;1.0000;1.0000,1.0000;1.0000;1.0000,1.0000,1.0000,1.0000,1,d1_W_c,1.0000
gemma-4-31b,main,d1_W_c|d1_SS_c,c,d1_W_c,d1_SS_c,CoreWeave,3,0.0002;0.0259;0.0000,0.0000;0.0000;0.0000,0.0002,0.0000,0.0001,1,d1_SS_c,1.0000
gemma-4-31b,main,d1_W_c|d1_S_c,c,d1_W_c,d1_S_c,CoreWeave,3,0.0000;0.0000;0.0006,0.0000;0.0000;0.0000,0.0000,0.0000,0.0000,1,d1_S_c,1.0000
qwen3.8-flash,constructed,d1_F-A-D_a|d1_F-A-P_a,a,d1_F-A-D_a,d1_F-A-P_a,OpenRouter,3,0.9914;0.9941;0.9924,0.9526;0.8355;0.9150,0.9924,0.9150,0.9537,1,d1_F-A-D_a,0.9993
qwen3.8-flash,constructed,d1_F-A-D_b|d1_F-A-P_b,b,d1_F-A-D_b,d1_F-A-P_b,OpenRouter,3,0.9903;0.9933;0.9933,0.9859;0.9669;0.9741,0.9933,0.9741,0.9837,1,d1_F-A-D_b,0.9972
qwen3.8-flash,constructed,d1_F-A-D_c|d1_F-A-P_c,c,d1_F-A-D_c,d1_F-A-P_c,OpenRouter,3,0.9624;0.9876;0.9903,0.9624;0.9526;0.9399,0.9876,0.9526,0.9701,1,d1_F-A-D_c,0.9977
qwen3.8-flash,constructed,d1_F-A-N_a|d1_F-A-D_a,a,d1_F-A-N_a,d1_F-A-D_a,OpenRouter,3,0.5927;0.4378;0.2450,0.0601;0.0259;0.0675,0.4378,0.0601,0.2490,1,d1_F-A-D_a,0.9952
qwen3.8-flash,constructed,d1_F-A-N_a|d1_F-A-P_a,a,d1_F-A-N_a,d1_F-A-P_a,OpenRouter,3,0.9741;0.9322;0.9149,0.8176;0.6793;0.6225,0.9322,0.6793,0.8058,1,d1_F-A-N_a,0.9951
qwen3.8-flash,constructed,d1_F-A-N_b|d1_F-A-D_b,b,d1_F-A-N_b,d1_F-A-D_b,OpenRouter,3,0.6786;0.4073;0.7548,0.0230;0.0141;0.0159,0.6786,0.0159,,0,,0.9964
qwen3.8-flash,constructed,d1_F-A-N_b|d1_F-A-P_b,b,d1_F-A-N_b,d1_F-A-P_b,OpenRouter,3,0.9840;0.9579;0.9797,0.7059;0.7058;0.7550,0.9797,0.7059,0.8428,1,d1_F-A-N_b,0.9978
qwen3.8-flash,constructed,d1_F-A-N_c|d1_F-A-D_c,c,d1_F-A-N_c,d1_F-A-D_c,OpenRouter,3,0.1478;0.1479;0.1640,0.0141;0.0059;0.0204,0.1479,0.0141,0.0810,1,d1_F-A-D_c,0.9939
qwen3.8-flash,constructed,d1_F-A-N_c|d1_F-A-P_c,c,d1_F-A-N_c,d1_F-A-P_c,OpenRouter,3,0.9579;0.9236;0.8515,0.6793;0.6513;0.4689,0.9236,0.6513,0.7875,1,d1_F-A-N_c,0.9973
qwen3.8-flash,constructed,d1_F-L-D_a|d1_F-A-D_a,a,d1_F-L-D_a,d1_F-A-D_a,OpenRouter,3,0.4672;0.0758;0.2942,0.9526;0.9149;0.9242,0.2942,0.9242,,0,,0.9950
qwen3.8-flash,constructed,d1_F-L-D_a|d1_F-A-N_a,a,d1_F-L-D_a,d1_F-A-N_a,OpenRouter,3,0.9325;0.8807;0.8520,0.9323;0.9399;0.9669,0.8807,0.9399,0.9103,1,d1_F-L-D_a,0.9976
qwen3.8-flash,constructed,d1_F-L-D_a|d1_F-A-P_a,a,d1_F-L-D_a,d1_F-A-P_a,OpenRouter,3,0.9241;0.9707;0.9148,0.9669;0.9707;0.9770,0.9241,0.9707,0.9474,1,d1_F-L-D_a,0.9987
qwen3.8-flash,constructed,d1_F-L-D_a|d1_F-L-P_a,a,d1_F-L-D_a,d1_F-L-P_a,OpenRouter,3,0.9914;0.9933;0.9933,0.9876;0.9770;0.9820,0.9933,0.9820,0.9877,1,d1_F-L-D_a,0.9992
qwen3.8-flash,constructed,d1_F-L-D_b|d1_F-A-D_b,b,d1_F-L-D_b,d1_F-A-D_b,OpenRouter,3,0.1823;0.1329;0.2015,0.8355;0.8809;0.9466,0.1823,0.8809,,0,,0.9956
qwen3.8-flash,constructed,d1_F-L-D_b|d1_F-A-N_b,b,d1_F-L-D_b,d1_F-A-N_b,OpenRouter,3,0.9466;0.9770;0.9770,0.9526;0.9466;0.8934,0.9770,0.9466,0.9618,1,d1_F-L-D_b,0.9942
qwen3.8-flash,constructed,d1_F-L-D_b|d1_F-A-P_b,b,d1_F-L-D_b,d1_F-A-P_b,OpenRouter,3,0.9797;0.9466;0.9466,0.9741;0.9579;0.9706,0.9466,0.9706,0.9586,1,d1_F-L-D_b,0.9983
qwen3.8-flash,constructed,d1_F-L-D_b|d1_F-L-P_b,b,d1_F-L-D_b,d1_F-L-P_b,OpenRouter,3,0.9996;0.9987;0.9996,0.9987;0.9941;0.9954,0.9996,0.9954,0.9975,1,d1_F-L-D_b,0.9993
qwen3.8-flash,constructed,d1_F-L-D_c|d1_F-A-D_c,c,d1_F-L-D_c,d1_F-A-D_c,OpenRouter,3,0.1823;0.1480;0.2222,0.8808;0.9241;0.8936,0.1823,0.8936,,0,,0.9936
qwen3.8-flash,constructed,d1_F-L-D_c|d1_F-A-N_c,c,d1_F-L-D_c,d1_F-A-N_c,OpenRouter,3,0.8504;0.9669;0.8670,0.7775;0.8520;0.8357,0.8670,0.8357,0.8514,1,d1_F-L-D_c,0.9882
qwen3.8-flash,constructed,d1_F-L-D_c|d1_F-A-P_c,c,d1_F-L-D_c,d1_F-A-P_c,OpenRouter,3,0.8669;0.8660;0.9526,0.8811;0.9325;0.9145,0.8669,0.9145,0.8907,1,d1_F-L-D_c,0.9967
qwen3.8-flash,constructed,d1_F-L-D_c|d1_F-L-P_c,c,d1_F-L-D_c,d1_F-L-P_c,OpenRouter,3,0.9924;0.9819;0.9765,0.9914;0.9914;0.9741,0.9819,0.9914,0.9866,1,d1_F-L-D_c,0.9991
qwen3.8-flash,constructed,d1_F-L-N_a|d1_F-A-D_a,a,d1_F-L-N_a,d1_F-A-D_a,OpenRouter,3,0.0331;0.0374;0.1066,0.0059;0.0124;0.0374,0.0374,0.0124,0.0249,1,d1_F-A-D_a,0.9987
qwen3.8-flash,constructed,d1_F-L-N_a|d1_F-A-N_a,a,d1_F-L-N_a,d1_F-A-N_a,OpenRouter,3,0.2942;0.1645;0.2688,0.1645;0.0474;0.0421,0.2688,0.0474,0.1581,1,d1_F-A-N_a,0.9940
qwen3.8-flash,constructed,d1_F-L-N_a|d1_F-A-P_a,a,d1_F-L-N_a,d1_F-A-P_a,OpenRouter,3,0.8172;0.4677;0.4377,0.0259;0.0600;0.0260,0.4677,0.0260,0.2468,1,d1_F-A-P_a,0.9916
qwen3.8-flash,constructed,d1_F-L-N_a|d1_F-L-D_a,a,d1_F-L-N_a,d1_F-L-D_a,OpenRouter,3,0.0022;0.0140;0.0141,0.0110;0.0067;0.0059,0.0140,0.0067,0.0104,1,d1_F-L-D_a,0.9981
qwen3.8-flash,constructed,d1_F-L-N_a|d1_F-L-P_a,a,d1_F-L-N_a,d1_F-L-P_a,OpenRouter,3,0.9325;0.9466;0.8807,0.2452;0.7058;0.4688,0.9325,0.4688,,0,,0.9965
qwen3.8-flash,constructed,d1_F-L-N_b|d1_F-A-D_b,b,d1_F-L-N_b,d1_F-A-D_b,OpenRouter,3,0.0331;0.0110;0.0076,0.0086;0.0159;0.0068,0.0110,0.0086,0.0098,1,d1_F-A-D_b,0.9983
qwen3.8-flash,constructed,d1_F-L-N_b|d1_F-A-N_b,b,d1_F-L-N_b,d1_F-A-N_b,OpenRouter,3,0.2692;0.1829;0.2227,0.0758;0.0601;0.0955,0.2227,0.0758,0.1493,1,d1_F-A-N_b,0.9948
qwen3.8-flash,constructed,d1_F-L-N_b|d1_F-A-P_b,b,d1_F-L-N_b,d1_F-A-P_b,OpenRouter,3,0.6790;0.9047;0.8353,0.0423;0.0203;0.1648,0.8353,0.0423,,0,,0.9902
qwen3.8-flash,constructed,d1_F-L-N_b|d1_F-L-D_b,b,d1_F-L-N_b,d1_F-L-D_b,OpenRouter,3,0.0076;0.0159;0.0124,0.0007;0.0076;0.0026,0.0124,0.0026,0.0075,1,d1_F-L-D_b,0.9953
qwen3.8-flash,constructed,d1_F-L-N_b|d1_F-L-P_b,b,d1_F-L-N_b,d1_F-L-P_b,OpenRouter,3,0.9770;0.9526;0.9903,0.7313;0.6802;0.7061,0.9770,0.7061,0.8416,1,d1_F-L-N_b,0.9951
qwen3.8-flash,constructed,d1_F-L-N_c|d1_F-A-D_c,c,d1_F-L-N_c,d1_F-A-D_c,OpenRouter,3,0.0602;0.0230;0.0533,0.0052;0.0180;0.0230,0.0533,0.0180,0.0357,1,d1_F-A-D_c,0.9965
qwen3.8-flash,constructed,d1_F-L-N_c|d1_F-A-N_c,c,d1_F-L-N_c,d1_F-A-N_c,OpenRouter,3,0.2936;0.2938;0.1327,0.1480;0.1067;0.1329,0.2936,0.1329,0.2133,1,d1_F-A-N_c,0.9946
qwen3.8-flash,constructed,d1_F-L-N_c|d1_F-A-P_c,c,d1_F-L-N_c,d1_F-A-P_c,OpenRouter,3,0.7980;0.5311;0.6511,0.0601;0.0601;0.1645,0.6511,0.0601,,0,,0.9966
qwen3.8-flash,constructed,d1_F-L-N_c|d1_F-L-D_c,c,d1_F-L-N_c,d1_F-L-D_c,OpenRouter,3,0.0076;0.0140;0.0041,0.0181;0.0032;0.0141,0.0076,0.0141,0.0108,1,d1_F-L-D_c,0.9972
qwen3.8-flash,constructed,d1_F-L-N_c|d1_F-L-P_c,c,d1_F-L-N_c,d1_F-L-P_c,OpenRouter,3,0.9325;0.9325;0.8171,0.3208;0.4689;0.5001,0.9325,0.4689,,0,,0.9957
qwen3.8-flash,constructed,d1_F-L-P_a|d1_F-A-D_a,a,d1_F-L-P_a,d1_F-A-D_a,OpenRouter,3,0.0179;0.0159;0.0180,0.0233;0.0260;0.0230,0.0179,0.0233,0.0206,1,d1_F-A-D_a,0.9971
qwen3.8-flash,constructed,d1_F-L-P_a|d1_F-A-N_a,a,d1_F-L-P_a,d1_F-A-N_a,OpenRouter,3,0.3775;0.3771;0.2450,0.0372;0.0675;0.0758,0.3771,0.0675,0.2223,1,d1_F-A-N_a,0.9925
qwen3.8-flash,constructed,d1_F-L-P_a|d1_F-A-P_a,a,d1_F-L-P_a,d1_F-A-P_a,OpenRouter,3,0.8518;0.9149;0.8355,0.7062;0.5000;0.5626,0.8518,0.5626,0.7072,1,d1_F-L-P_a,0.9928
qwen3.8-flash,constructed,d1_F-L-P_b|d1_F-A-D_b,b,d1_F-L-P_b,d1_F-A-D_b,OpenRouter,3,0.0203;0.0259;0.0076,0.0373;0.0086;0.0180,0.0203,0.0180,0.0191,1,d1_F-A-D_b,0.9963
qwen3.8-flash,constructed,d1_F-L-P_b|d1_F-A-N_b,b,d1_F-L-P_b,d1_F-A-N_b,OpenRouter,3,0.4375;0.3208;0.3486,0.0675;0.0331;0.0605,0.3486,0.0605,0.2045,1,d1_F-A-N_b,0.9938
qwen3.8-flash,constructed,d1_F-L-P_b|d1_F-A-P_b,b,d1_F-L-P_b,d1_F-A-P_b,OpenRouter,3,0.3196;0.1192;0.1480,0.1822;0.1827;0.1832,0.1480,0.1827,0.1654,1,d1_F-A-P_b,0.9796
qwen3.8-flash,constructed,d1_F-L-P_c|d1_F-A-D_c,c,d1_F-L-P_c,d1_F-A-D_c,OpenRouter,3,0.0229;0.0140;0.0124,0.0264;0.0603;0.0421,0.0140,0.0421,0.0281,1,d1_F-A-D_c,0.9933
qwen3.8-flash,constructed,d1_F-L-P_c|d1_F-A-N_c,c,d1_F-L-P_c,d1_F-A-N_c,OpenRouter,3,0.4999;0.5312;0.2941,0.0293;0.0758;0.0675,0.4999,0.0675,0.2837,1,d1_F-A-N_c,0.9956
qwen3.8-flash,constructed,d1_F-L-P_c|d1_F-A-P_c,c,d1_F-L-P_c,d1_F-A-P_c,OpenRouter,3,0.3485;0.3204;0.2450,0.8358;0.7059;0.7311,0.3204,0.7311,,0,,0.9944
qwen3.8-flash,constructed,d1_F-SS-D_a|d1_F-A-D_a,a,d1_F-SS-D_a,d1_F-A-D_a,OpenRouter,3,0.0331;0.0675;0.1067,0.0600;0.0954;0.0601,0.0675,0.0601,0.0638,1,d1_F-A-D_a,0.9975
qwen3.8-flash,constructed,d1_F-SS-D_a|d1_F-A-N_a,a,d1_F-SS-D_a,d1_F-A-N_a,OpenRouter,3,0.2450;0.2940;0.1645,0.2464;0.0602;0.1835,0.2450,0.1835,0.2143,1,d1_F-A-N_a,0.9927
qwen3.8-flash,constructed,d1_F-SS-D_a|d1_F-A-P_a,a,d1_F-SS-D_a,d1_F-A-P_a,OpenRouter,3,0.3772;0.5618;0.6225,0.2951;0.4415;0.1480,0.5618,0.2951,,0,,0.9821
qwen3.8-flash,constructed,d1_F-SS-D_a|d1_F-L-D_a,a,d1_F-SS-D_a,d1_F-L-D_a,OpenRouter,3,0.0534;0.0293;0.0420,0.1066;0.2451;0.1067,0.0420,0.1067,0.0744,1,d1_F-L-D_a,0.9970
qwen3.8-flash,constructed,d1_F-SS-D_a|d1_F-L-N_a,a,d1_F-SS-D_a,d1_F-L-N_a,OpenRouter,3,0.8808;0.8669;0.9047,0.9707;0.8933;0.8933,0.8808,0.8933,0.8871,1,d1_F-SS-D_a,0.9979
qwen3.8-flash,constructed,d1_F-SS-D_a|d1_F-L-P_a,a,d1_F-SS-D_a,d1_F-L-P_a,OpenRouter,3,0.8353;0.9466;0.9142,0.9579;0.8933;0.9670,0.9142,0.9579,0.9361,1,d1_F-SS-D_a,0.9945
qwen3.8-flash,constructed,d1_F-SS-D_a|d1_F-SS-P_a,a,d1_F-SS-D_a,d1_F-SS-P_a,OpenRouter,3,0.8177;0.5926;0.7982,0.9466;0.8672;0.9149,0.7982,0.9149,0.8566,1,d1_F-SS-D_a,0.9959
qwen3.8-flash,constructed,d1_F-SS-D_b|d1_F-A-D_b,b,d1_F-SS-D_b,d1_F-A-D_b,OpenRouter,3,0.0110;0.0600;0.0204,0.0675;0.0373;0.0675,0.0204,0.0675,0.0440,1,d1_F-A-D_b,0.9938
qwen3.8-flash,constructed,d1_F-SS-D_b|d1_F-A-N_b,b,d1_F-SS-D_b,d1_F-A-N_b,OpenRouter,3,0.3775;0.6512;0.6225,0.2453;0.1645;0.1480,0.6225,0.1645,,0,,0.9951
qwen3.8-flash,constructed,d1_F-SS-D_b|d1_F-A-P_b,b,d1_F-SS-D_b,d1_F-A-P_b,OpenRouter,3,0.9036;0.6222;0.8932,0.4380;0.4688;0.5625,0.8932,0.4688,,0,,0.9940
qwen3.8-flash,constructed,d1_F-SS-D_b|d1_F-L-D_b,b,d1_F-SS-D_b,d1_F-L-D_b,OpenRouter,3,0.0373;0.0180;0.0373,0.0758;0.1192;0.0953,0.0373,0.0953,0.0663,1,d1_F-L-D_b,0.9980
qwen3.8-flash,constructed,d1_F-SS-D_b|d1_F-L-N_b,b,d1_F-SS-D_b,d1_F-L-N_b,OpenRouter,3,0.9797;0.9627;0.9466,0.9466;0.9526;0.9669,0.9627,0.9526,0.9576,1,d1_F-SS-D_b,0.9971
qwen3.8-flash,constructed,d1_F-SS-D_b|d1_F-L-P_b,b,d1_F-SS-D_b,d1_F-L-P_b,OpenRouter,3,0.9398;0.9707;0.9669,0.9627;0.9797;0.9669,0.9669,0.9669,0.9669,1,d1_F-SS-D_b,0.9965
qwen3.8-flash,constructed,d1_F-SS-D_b|d1_F-SS-P_b,b,d1_F-SS-D_b,d1_F-SS-P_b,OpenRouter,3,0.9797;0.9859;0.9741,0.9924;0.9948;0.9841,0.9797,0.9924,0.9861,1,d1_F-SS-D_b,0.9989
qwen3.8-flash,constructed,d1_F-SS-D_c|d1_F-A-D_c,c,d1_F-SS-D_c,d1_F-A-D_c,OpenRouter,3,0.0533;0.1064;0.0476,0.2451;0.2228;0.2017,0.0533,0.2228,0.1381,1,d1_F-A-D_c,0.9964
qwen3.8-flash,constructed,d1_F-SS-D_c|d1_F-A-N_c,c,d1_F-SS-D_c,d1_F-A-N_c,OpenRouter,3,0.9149;0.7980;0.8667,0.5626;0.4688;0.4380,0.8667,0.4688,,0,,0.9920
qwen3.8-flash,constructed,d1_F-SS-D_c|d1_F-A-P_c,c,d1_F-SS-D_c,d1_F-A-P_c,OpenRouter,3,0.8669;0.7311;0.6223,0.8520;0.6793;0.8670,0.7311,0.8520,0.7915,1,d1_F-SS-D_c,0.9948
qwen3.8-flash,constructed,d1_F-SS-D_c|d1_F-L-D_c,c,d1_F-SS-D_c,d1_F-L-D_c,OpenRouter,3,0.0230;0.0953;0.1820,0.5928;0.6515;0.4690,0.0953,0.5928,,0,,0.9982
qwen3.8-flash,constructed,d1_F-SS-D_c|d1_F-L-N_c,c,d1_F-SS-D_c,d1_F-L-N_c,OpenRouter,3,0.9399;0.9666;0.9669,0.9579;0.9527;0.9050,0.9666,0.9527,0.9597,1,d1_F-SS-D_c,0.9926
qwen3.8-flash,constructed,d1_F-SS-D_c|d1_F-L-P_c,c,d1_F-SS-D_c,d1_F-L-P_c,OpenRouter,3,0.9325;0.8805;0.8929,0.9325;0.9463;0.9148,0.8929,0.9325,0.9127,1,d1_F-SS-D_c,0.9965
qwen3.8-flash,constructed,d1_F-SS-D_c|d1_F-SS-P_c,c,d1_F-SS-D_c,d1_F-SS-P_c,OpenRouter,3,0.8933;0.8666;0.9324,0.8935;0.9326;0.8177,0.8933,0.8935,0.8934,1,d1_F-SS-D_c,0.9947
qwen3.8-flash,constructed,d1_F-SS-N_a|d1_F-A-D_a,a,d1_F-SS-N_a,d1_F-A-D_a,OpenRouter,3,0.0675;0.0474;0.0329,0.0110;0.0046;0.0067,0.0474,0.0067,0.0271,1,d1_F-A-D_a,0.9982
qwen3.8-flash,constructed,d1_F-SS-N_a|d1_F-A-N_a,a,d1_F-SS-N_a,d1_F-A-N_a,OpenRouter,3,0.2018;0.3197;0.2942,0.0601;0.0373;0.0259,0.2942,0.0373,0.1657,1,d1_F-A-N_a,0.9977
qwen3.8-flash,constructed,d1_F-SS-N_a|d1_F-A-P_a,a,d1_F-SS-N_a,d1_F-A-P_a,OpenRouter,3,0.6222;0.4984;0.4066,0.0421;0.0331;0.0331,0.4984,0.0331,0.2657,1,d1_F-A-P_a,0.9920
qwen3.8-flash,constructed,d1_F-SS-N_a|d1_F-L-D_a,a,d1_F-SS-N_a,d1_F-L-D_a,OpenRouter,3,0.0141;0.0333;0.0262,0.0046;0.0180;0.0086,0.0262,0.0086,0.0174,1,d1_F-L-D_a,0.9990
qwen3.8-flash,constructed,d1_F-SS-N_a|d1_F-L-N_a,a,d1_F-SS-N_a,d1_F-L-N_a,OpenRouter,3,0.4671;0.6222;0.4374,0.3208;0.2689;0.3775,0.4671,0.3208,0.3940,1,d1_F-L-N_a,0.9952
qwen3.8-flash,constructed,d1_F-SS-N_a|d1_F-L-P_a,a,d1_F-SS-N_a,d1_F-L-P_a,OpenRouter,3,0.8930;0.8518;0.8357,0.0953;0.0760;0.1330,0.8518,0.0953,,0,,0.9942
qwen3.8-flash,constructed,d1_F-SS-N_a|d1_F-SS-D_a,a,d1_F-SS-N_a,d1_F-SS-D_a,OpenRouter,3,0.1824;0.0758;0.0953,0.3777;0.2943;0.5313,0.0953,0.3777,0.2365,1,d1_F-SS-D_a,0.9967
qwen3.8-flash,constructed,d1_F-SS-N_a|d1_F-SS-P_a,a,d1_F-SS-N_a,d1_F-SS-P_a,OpenRouter,3,0.2945;0.2017;0.2015,0.8176;0.7550;0.6515,0.2017,0.7550,,0,,0.9975
qwen3.8-flash,constructed,d1_F-SS-N_b|d1_F-A-D_b,b,d1_F-SS-N_b,d1_F-A-D_b,OpenRouter,3,0.0421;0.0086;0.0124,0.0052;0.0025;0.0046,0.0124,0.0046,0.0085,1,d1_F-A-D_b,0.9963
qwen3.8-flash,constructed,d1_F-SS-N_b|d1_F-A-N_b,b,d1_F-SS-N_b,d1_F-A-N_b,OpenRouter,3,0.0953;0.2227;0.2018,0.0758;0.0601;0.0293,0.2018,0.0601,0.1309,1,d1_F-A-N_b,0.9948
qwen3.8-flash,constructed,d1_F-SS-N_b|d1_F-A-P_b,b,d1_F-SS-N_b,d1_F-A-P_b,OpenRouter,3,0.7308;0.4367;0.6513,0.0474;0.0180;0.0534,0.6513,0.0474,,0,,0.9959
qwen3.8-flash,constructed,d1_F-SS-N_b|d1_F-L-D_b,b,d1_F-SS-N_b,d1_F-L-D_b,OpenRouter,3,0.0159;0.0052;0.0260,0.0041;0.0019;0.0010,0.0159,0.0019,0.0089,1,d1_F-L-D_b,0.9980
qwen3.8-flash,constructed,d1_F-SS-N_b|d1_F-L-N_b,b,d1_F-SS-N_b,d1_F-L-N_b,OpenRouter,3,0.3772;0.2450;0.3775,0.3207;0.2228;0.2689,0.3772,0.2689,0.3231,1,d1_F-L-N_b,0.9940
qwen3.8-flash,constructed,d1_F-SS-N_b|d1_F-L-P_b,b,d1_F-SS-N_b,d1_F-L-P_b,OpenRouter,3,0.7550;0.9324;0.9151,0.0474;0.1192;0.0758,0.9151,0.0758,,0,,0.9956
qwen3.8-flash,constructed,d1_F-SS-N_b|d1_F-SS-D_b,b,d1_F-SS-N_b,d1_F-SS-D_b,OpenRouter,3,0.0601;0.0601;0.0474,0.7982;0.5928;0.7058,0.0601,0.7058,,0,,0.9987
qwen3.8-flash,constructed,d1_F-SS-N_b|d1_F-SS-P_b,b,d1_F-SS-N_b,d1_F-SS-P_b,OpenRouter,3,0.9241;0.9241;0.8933,0.9151;0.9526;0.9467,0.9241,0.9467,0.9354,1,d1_F-SS-N_b,0.9972
qwen3.8-flash,constructed,d1_F-SS-N_c|d1_F-A-D_c,c,d1_F-SS-N_c,d1_F-A-D_c,OpenRouter,3,0.0755;0.0600;0.0330,0.0373;0.0141;0.0141,0.0600,0.0141,0.0370,1,d1_F-A-D_c,0.9957
qwen3.8-flash,constructed,d1_F-SS-N_c|d1_F-A-N_c,c,d1_F-SS-N_c,d1_F-A-N_c,OpenRouter,3,0.3484;0.2452;0.3495,0.1066;0.1331;0.1824,0.3484,0.1331,0.2407,1,d1_F-A-N_c,0.9909
qwen3.8-flash,constructed,d1_F-SS-N_c|d1_F-A-P_c,c,d1_F-SS-N_c,d1_F-A-P_c,OpenRouter,3,0.7052;0.5622;0.8668,0.3210;0.3775;0.4094,0.7052,0.3775,,0,,0.9929
qwen3.8-flash,constructed,d1_F-SS-N_c|d1_F-L-D_c,c,d1_F-SS-N_c,d1_F-L-D_c,OpenRouter,3,0.0758;0.1328;0.0601,0.0293;0.0203;0.0180,0.0758,0.0203,0.0481,1,d1_F-L-D_c,0.9975
qwen3.8-flash,constructed,d1_F-SS-N_c|d1_F-L-N_c,c,d1_F-SS-N_c,d1_F-L-N_c,OpenRouter,3,0.7058;0.8176;0.6792,0.4381;0.5314;0.4381,0.7058,0.4381,,0,,0.9923
qwen3.8-flash,constructed,d1_F-SS-N_c|d1_F-L-P_c,c,d1_F-SS-N_c,d1_F-L-P_c,OpenRouter,3,0.8177;0.9241;0.8671,0.6515;0.6516;0.6224,0.8671,0.6515,0.7593,1,d1_F-SS-N_c,0.9932
qwen3.8-flash,constructed,d1_F-SS-N_c|d1_F-SS-D_c,c,d1_F-SS-N_c,d1_F-SS-D_c,OpenRouter,3,0.1062;0.0533;0.0857,0.1329;0.2018;0.1480,0.0857,0.1480,0.1169,1,d1_F-SS-D_c,0.9917
qwen3.8-flash,constructed,d1_F-SS-N_c|d1_F-SS-P_c,c,d1_F-SS-N_c,d1_F-SS-P_c,OpenRouter,3,0.5000;0.4376;0.4369,0.6797;0.6518;0.5312,0.4376,0.6518,,0,,0.9952
qwen3.8-flash,constructed,d1_F-SS-P_a|d1_F-A-D_a,a,d1_F-SS-P_a,d1_F-A-D_a,OpenRouter,3,0.0330;0.0292;0.0293,0.0141;0.0260;0.0076,0.0293,0.0141,0.0217,1,d1_F-A-D_a,0.9988
qwen3.8-flash,constructed,d1_F-SS-P_a|d1_F-A-N_a,a,d1_F-SS-P_a,d1_F-A-N_a,OpenRouter,3,0.2226;0.2689;0.3207,0.1067;0.0421;0.0331,0.2689,0.0421,0.1555,1,d1_F-A-N_a,0.9926
qwen3.8-flash,constructed,d1_F-SS-P_a|d1_F-A-P_a,a,d1_F-SS-P_a,d1_F-A-P_a,OpenRouter,3,0.4996;0.6792;0.7057,0.0422;0.0953;0.0373,0.6792,0.0422,,0,,0.9908
qwen3.8-flash,constructed,d1_F-SS-P_a|d1_F-L-D_a,a,d1_F-SS-P_a,d1_F-L-D_a,OpenRouter,3,0.0180;0.0180;0.0204,0.0110;0.0067;0.0052,0.0180,0.0067,0.0123,1,d1_F-L-D_a,0.9984
qwen3.8-flash,constructed,d1_F-SS-P_a|d1_F-L-N_a,a,d1_F-SS-P_a,d1_F-L-N_a,OpenRouter,3,0.5926;0.7309;0.8520,0.5002;0.5003;0.4379,0.7309,0.5002,0.6156,1,d1_F-SS-P_a,0.9955
qwen3.8-flash,constructed,d1_F-SS-P_a|d1_F-L-P_a,a,d1_F-SS-P_a,d1_F-L-P_a,OpenRouter,3,0.2689;0.2687;0.2674,0.3208;0.2689;0.2018,0.2687,0.2689,0.2688,1,d1_F-L-P_a,0.9900
qwen3.8-flash,constructed,d1_F-SS-P_b|d1_F-A-D_b,b,d1_F-SS-P_b,d1_F-A-D_b,OpenRouter,3,0.0140;0.0230;0.0086,0.0259;0.0141;0.0086,0.0140,0.0141,0.0140,1,d1_F-A-D_b,0.9960
qwen3.8-flash,constructed,d1_F-SS-P_b|d1_F-A-N_b,b,d1_F-SS-P_b,d1_F-A-N_b,OpenRouter,3,0.2943;0.1644;0.2017,0.0475;0.0124;0.0259,0.2017,0.0259,0.1138,1,d1_F-A-N_b,0.9900
qwen3.8-flash,constructed,d1_F-SS-P_b|d1_F-A-P_b,b,d1_F-SS-P_b,d1_F-A-P_b,OpenRouter,3,0.1325;0.1480;0.0850,0.0375;0.0474;0.0421,0.1325,0.0421,0.0873,1,d1_F-A-P_b,0.9949
qwen3.8-flash,constructed,d1_F-SS-P_b|d1_F-L-D_b,b,d1_F-SS-P_b,d1_F-L-D_b,OpenRouter,3,0.0111;0.0032;0.0110,0.0180;0.0059;0.0032,0.0110,0.0059,0.0084,1,d1_F-L-D_b,0.9976
qwen3.8-flash,constructed,d1_F-SS-P_b|d1_F-L-N_b,b,d1_F-SS-P_b,d1_F-L-N_b,OpenRouter,3,0.3202;0.5000;0.7981,0.0851;0.0763;0.0956,0.5000,0.0851,,0,,0.9876
qwen3.8-flash,constructed,d1_F-SS-P_b|d1_F-L-P_b,b,d1_F-SS-P_b,d1_F-L-P_b,OpenRouter,3,0.4378;0.5925;0.6792,0.1192;0.2451;0.1480,0.5925,0.1480,,0,,0.9916
qwen3.8-flash,constructed,d1_F-SS-P_c|d1_F-A-D_c,c,d1_F-SS-P_c,d1_F-A-D_c,OpenRouter,3,0.0375;0.1327;0.0332,0.0293;0.1479;0.0955,0.0375,0.0955,0.0665,1,d1_F-A-D_c,0.9967
qwen3.8-flash,constructed,d1_F-SS-P_c|d1_F-A-N_c,c,d1_F-SS-P_c,d1_F-A-N_c,OpenRouter,3,0.4377;0.3484;0.5617,0.1192;0.2019;0.2240,0.4377,0.2019,0.3198,1,d1_F-A-N_c,0.9927
qwen3.8-flash,constructed,d1_F-SS-P_c|d1_F-A-P_c,c,d1_F-SS-P_c,d1_F-A-P_c,OpenRouter,3,0.6224;0.4373;0.5298,0.5622;0.4073;0.3777,0.5298,0.4073,,0,,0.9922
qwen3.8-flash,constructed,d1_F-SS-P_c|d1_F-L-D_c,c,d1_F-SS-P_c,d1_F-L-D_c,OpenRouter,3,0.0473;0.0534;0.0533,0.1824;0.0951;0.0956,0.0533,0.0956,0.0745,1,d1_F-L-D_c,0.9934
qwen3.8-flash,constructed,d1_F-SS-P_c|d1_F-L-N_c,c,d1_F-SS-P_c,d1_F-L-N_c,OpenRouter,3,0.8176;0.8668;0.7056,0.4688;0.4078;0.4074,0.8176,0.4078,,0,,0.9919
qwen3.8-flash,constructed,d1_F-SS-P_c|d1_F-L-P_c,c,d1_F-SS-P_c,d1_F-L-P_c,OpenRouter,3,0.2687;0.2687;0.2942,0.5000;0.5624;0.4077,0.2687,0.5000,,0,,0.9872
qwen3.8-flash,main,d1_A_a|d1_D12_a,a,d1_A_a,d1_D12_a,Alibaba,1,0.1645,0.9670,0.1645,0.9670,,0,,0.9983
qwen3.8-flash,main,d1_A_a|d1_D4_a,a,d1_A_a,d1_D4_a,Alibaba,1,0.0475,0.5930,0.0475,0.5930,,0,,0.9977
qwen3.8-flash,main,d1_A_a|d1_L_a,a,d1_A_a,d1_L_a,Alibaba,3,0.0422;0.0330;0.0474,0.9399;0.9399;0.9242,0.0422,0.9399,,0,,0.9988
qwen3.8-flash,main,d1_A_a|d1_Lp_a,a,d1_A_a,d1_Lp_a,Alibaba,3,0.4369;0.4999;0.3485,0.9770;0.9669;0.9707,0.4369,0.9707,,0,,0.9978
qwen3.8-flash,main,d1_A_a|d1_M_a,a,d1_A_a,d1_M_a,Alibaba,3,0.9462;0.9578;0.9820,0.9933;0.9903;0.9859,0.9578,0.9903,0.9740,1,d1_A_a,0.9944
qwen3.8-flash,main,d1_A_a|d1_SN_a,a,d1_A_a,d1_SN_a,Alibaba,3,0.1067;0.1066;0.0373,0.9797;0.9851;0.9841,0.1066,0.9841,,0,,0.9988
qwen3.8-flash,main,d1_A_a|d1_SS_a,a,d1_A_a,d1_SS_a,Alibaba,3,0.9703;0.9797;0.9794,0.9933;0.9859;0.9941,0.9794,0.9933,0.9864,1,d1_A_a,0.9954
qwen3.8-flash,main,d1_A_a|d1_S_a,a,d1_A_a,d1_S_a,Alibaba,3,0.9707;0.9627;0.9669,0.9959;0.9579;0.9841,0.9669,0.9841,0.9755,1,d1_A_a,0.9967
qwen3.8-flash,main,d1_A_a|d1_W_a,a,d1_A_a,d1_W_a,Alibaba,3,0.9213;0.9769;0.9821,0.9954;0.9959;0.9902,0.9769,0.9954,0.9862,1,d1_A_a,0.9952
qwen3.8-flash,main,d1_A_b|d1_D12_b,b,d1_A_b,d1_D12_b,Alibaba,1,0.2018,0.9707,0.2018,0.9707,,0,,0.9983
qwen3.8-flash,main,d1_A_b|d1_D4_b,b,d1_A_b,d1_D4_b,Alibaba,1,0.0331,0.7550,0.0331,0.7550,,0,,0.9959
qwen3.8-flash,main,d1_A_b|d1_L_b,b,d1_A_b,d1_L_b,Alibaba,3,0.0373;0.0475;0.0421,0.9242;0.8357;0.8809,0.0421,0.8809,,0,,0.9979
qwen3.8-flash,main,d1_A_b|d1_Lp_b,b,d1_A_b,d1_Lp_b,Alibaba,3,0.7548;0.4687;0.4687,0.9047;0.9468;0.9325,0.4687,0.9325,,0,,0.9974
qwen3.8-flash,main,d1_A_b|d1_M_b,b,d1_A_b,d1_M_b,Alibaba,3,0.9959;0.9890;0.9933,0.9914;0.9771;0.9859,0.9933,0.9859,0.9896,1,d1_A_b,0.9987
qwen3.8-flash,main,d1_A_b|d1_SN_b,b,d1_A_b,d1_SN_b,Alibaba,3,0.1478;0.0953;0.1824,0.9876;0.9579;0.9819,0.1478,0.9819,,0,,0.9934
qwen3.8-flash,main,d1_A_b|d1_SS_b,b,d1_A_b,d1_SS_b,Alibaba,3,0.9975;0.9959;0.9994,0.9903;0.9924;0.9953,0.9975,0.9924,0.9950,1,d1_A_b,0.9986
qwen3.8-flash,main,d1_A_b|d1_S_b,b,d1_A_b,d1_S_b,Alibaba,3,0.9707;0.9964;0.9770,0.9933;0.9876;0.9924,0.9770,0.9924,0.9847,1,d1_A_b,0.9964
qwen3.8-flash,main,d1_A_b|d1_W_b,b,d1_A_b,d1_W_b,Alibaba,3,0.2017;0.2449;0.1824,0.9707;0.9740;0.9627,0.2017,0.9707,,0,,0.9937
qwen3.8-flash,main,d1_A_c|d1_D12_c,c,d1_A_c,d1_D12_c,Alibaba,1,0.1640,0.9239,0.1640,0.9239,,0,,0.9963
qwen3.8-flash,main,d1_A_c|d1_D4_c,c,d1_A_c,d1_D4_c,Alibaba,1,0.0675,0.7315,0.0675,0.7315,,0,,0.9921
qwen3.8-flash,main,d1_A_c|d1_L_c,c,d1_A_c,d1_L_c,Alibaba,3,0.0758;0.0421;0.1192,0.9151;0.9396;0.9399,0.0758,0.9396,,0,,0.9951
qwen3.8-flash,main,d1_A_c|d1_Lp_c,c,d1_A_c,d1_Lp_c,Alibaba,3,0.1645;0.1191;0.1645,0.9242;0.8520;0.8809,0.1645,0.8809,,0,,0.9983
qwen3.8-flash,main,d1_A_c|d1_M_c,c,d1_A_c,d1_M_c,Alibaba,3,0.8929;0.9400;0.8354,0.9797;0.9903;0.9860,0.8929,0.9860,0.9395,1,d1_A_c,0.9966
qwen3.8-flash,main,d1_A_c|d1_SN_c,c,d1_A_c,d1_SN_c,Alibaba,3,0.1823;0.2941;0.1191,0.9707;0.9628;0.9771,0.1823,0.9707,,0,,0.9953
qwen3.8-flash,main,d1_A_c|d1_SS_c,c,d1_A_c,d1_SS_c,Alibaba,3,0.7549;0.8178;0.7982,0.9821;0.9876;0.9860,0.7982,0.9860,0.8921,1,d1_A_c,0.9827
qwen3.8-flash,main,d1_A_c|d1_S_c,c,d1_A_c,d1_S_c,Alibaba,3,0.6225;0.7982;0.9149,0.9860;0.9890;0.9630,0.7982,0.9860,0.8921,1,d1_A_c,0.9897
qwen3.8-flash,main,d1_A_c|d1_W_c,c,d1_A_c,d1_W_c,Alibaba,3,0.9741;0.8933;0.8516,0.9707;0.9903;0.9841,0.8933,0.9841,0.9387,1,d1_A_c,0.9973
qwen3.8-flash,main,d1_D4_a|d1_D12_a,a,d1_D4_a,d1_D12_a,Alibaba,1,0.8929,0.8808,0.8929,0.8808,0.8868,1,d1_D4_a,0.9904
qwen3.8-flash,main,d1_D4_b|d1_D12_b,b,d1_D4_b,d1_D12_b,Alibaba,1,0.9580,0.9467,0.9580,0.9467,0.9523,1,d1_D4_b,0.9957
qwen3.8-flash,main,d1_D4_c|d1_D12_c,c,d1_D4_c,d1_D12_c,Alibaba,1,0.3774,0.9149,0.3774,0.9149,,0,,0.9925
qwen3.8-flash,main,d1_L_a|d1_D12_a,a,d1_L_a,d1_D12_a,Alibaba,1,0.6790,0.8175,0.6790,0.8175,0.7483,1,d1_L_a,0.9959
qwen3.8-flash,main,d1_L_a|d1_D4_a,a,d1_L_a,d1_D4_a,Alibaba,1,0.1067,0.3776,0.1067,0.3776,0.2421,1,d1_D4_a,0.9980
qwen3.8-flash,main,d1_L_a|d1_Lp_a,a,d1_L_a,d1_Lp_a,Alibaba,3,0.4071;0.4375;0.1824,0.6514;0.8520;0.8356,0.4071,0.8356,,0,,0.9973
qwen3.8-flash,main,d1_L_a|d1_M_a,a,d1_L_a,d1_M_a,Alibaba,3,0.9890;0.9399;0.9627,0.9941;0.9854;0.9941,0.9627,0.9941,0.9784,1,d1_L_a,0.9984
qwen3.8-flash,main,d1_L_a|d1_SN_a,a,d1_L_a,d1_SN_a,Alibaba,3,0.5924;0.5927;0.5621,0.9859;0.9954;0.9469,0.5924,0.9859,0.7892,1,d1_L_a,0.9938
qwen3.8-flash,main,d1_L_a|d1_SS_a,a,d1_L_a,d1_SS_a,Alibaba,3,0.9628;0.9579;0.9876,0.9770;0.9954;0.9933,0.9628,0.9933,0.9781,1,d1_L_a,0.9931
qwen3.8-flash,main,d1_L_a|d1_S_a,a,d1_L_a,d1_S_a,Alibaba,3,0.9797;0.9740;0.9859,0.9981;0.9820;0.9953,0.9797,0.9953,0.9875,1,d1_L_a,0.9884
qwen3.8-flash,main,d1_L_a|d1_W_a,a,d1_L_a,d1_W_a,Alibaba,3,0.9785;0.9820;0.9841,0.9914;0.9889;0.9924,0.9820,0.9914,0.9867,1,d1_L_a,0.9926
qwen3.8-flash,main,d1_L_b|d1_D12_b,b,d1_L_b,d1_D12_b,Alibaba,1,0.7540,0.9048,0.7540,0.9048,0.8294,1,d1_L_b,0.9944
qwen3.8-flash,main,d1_L_b|d1_D4_b,b,d1_L_b,d1_D4_b,Alibaba,1,0.1192,0.0534,0.1192,0.0534,0.0863,1,d1_D4_b,0.9952
qwen3.8-flash,main,d1_L_b|d1_Lp_b,b,d1_L_b,d1_Lp_b,Alibaba,3,0.0601;0.0758;0.0953,0.6227;0.6225;0.5003,0.0758,0.6225,,0,,0.9960
qwen3.8-flash,main,d1_L_b|d1_M_b,b,d1_L_b,d1_M_b,Alibaba,3,0.9988;0.9959;0.9964,0.9941;0.9841;0.9859,0.9964,0.9859,0.9912,1,d1_L_b,0.9994
qwen3.8-flash,main,d1_L_b|d1_SN_b,b,d1_L_b,d1_SN_b,Alibaba,3,0.6224;0.7546;0.6224,0.9770;0.9668;0.9527,0.6224,0.9668,0.7946,1,d1_L_b,0.9967
qwen3.8-flash,main,d1_L_b|d1_SS_b,b,d1_L_b,d1_SS_b,Alibaba,3,0.9978;0.9962;0.9983,0.9933;0.9820;0.9841,0.9978,0.9841,0.9910,1,d1_L_b,0.9990
qwen3.8-flash,main,d1_L_b|d1_S_b,b,d1_L_b,d1_S_b,Alibaba,3,0.9948;0.9978;0.9944,0.9941;0.9981;0.9914,0.9948,0.9941,0.9945,1,d1_L_b,0.9970
qwen3.8-flash,main,d1_L_b|d1_W_b,b,d1_L_b,d1_W_b,Alibaba,3,0.8670;0.8933;0.7981,0.9399;0.7983;0.9242,0.8670,0.9242,0.8956,1,d1_L_b,0.9977
qwen3.8-flash,main,d1_L_c|d1_D12_c,c,d1_L_c,d1_D12_c,Alibaba,1,0.2226,0.7063,0.2226,0.7063,,0,,0.9966
qwen3.8-flash,main,d1_L_c|d1_D4_c,c,d1_L_c,d1_D4_c,Alibaba,1,0.1479,0.5320,0.1479,0.5320,,0,,0.9914
qwen3.8-flash,main,d1_L_c|d1_Lp_c,c,d1_L_c,d1_Lp_c,Alibaba,3,0.4072;0.2225;0.2941,0.4691;0.4075;0.3777,0.2941,0.4075,0.3508,1,d1_Lp_c,0.9978
qwen3.8-flash,main,d1_L_c|d1_M_c,c,d1_L_c,d1_M_c,Alibaba,3,0.9933;0.9876;0.9820,0.9876;0.9948;0.9903,0.9876,0.9903,0.9889,1,d1_L_c,0.9978
qwen3.8-flash,main,d1_L_c|d1_SN_c,c,d1_L_c,d1_SN_c,Alibaba,3,0.8923;0.8172;0.8354,0.9325;0.9527;0.9924,0.8354,0.9527,0.8940,1,d1_L_c,0.9923
qwen3.8-flash,main,d1_L_c|d1_SS_c,c,d1_L_c,d1_SS_c,Alibaba,3,0.9526;0.9047;0.8670,0.9578;0.9707;0.9796,0.9047,0.9707,0.9377,1,d1_L_c,0.9951
qwen3.8-flash,main,d1_L_c|d1_S_c,c,d1_L_c,d1_S_c,Alibaba,3,0.9707;0.9770;0.9579,0.9741;0.9707;0.9820,0.9707,0.9741,0.9724,1,d1_L_c,0.9966
qwen3.8-flash,main,d1_L_c|d1_W_c,c,d1_L_c,d1_W_c,Alibaba,3,0.9627;0.9841;0.9669,0.9740;0.9579;0.9796,0.9669,0.9740,0.9705,1,d1_L_c,0.9931
qwen3.8-flash,main,d1_Lp_a|d1_D12_a,a,d1_Lp_a,d1_D12_a,Alibaba,1,0.2227,0.6792,0.2227,0.6792,,0,,0.9967
qwen3.8-flash,main,d1_Lp_a|d1_D4_a,a,d1_Lp_a,d1_D4_a,Alibaba,1,0.1480,0.2451,0.1480,0.2451,0.1966,1,d1_D4_a,0.9970
qwen3.8-flash,main,d1_Lp_a|d1_S_a,a,d1_Lp_a,d1_S_a,Alibaba,3,0.7769;0.7535;0.6792,0.8671;0.9579;0.9705,0.7535,0.9579,0.8557,1,d1_Lp_a,0.9980
qwen3.8-flash,main,d1_Lp_b|d1_D12_b,b,d1_Lp_b,d1_D12_b,Alibaba,1,0.5620,0.9047,0.5620,0.9047,0.7333,1,d1_Lp_b,0.9958
qwen3.8-flash,main,d1_Lp_b|d1_D4_b,b,d1_Lp_b,d1_D4_b,Alibaba,1,0.4377,0.7058,0.4377,0.7058,,0,,0.9975
qwen3.8-flash,main,d1_Lp_b|d1_S_b,b,d1_Lp_b,d1_S_b,Alibaba,3,0.9045;0.9149;0.9047,0.9526;0.9466;0.9466,0.9047,0.9466,0.9256,1,d1_Lp_b,0.9974
qwen3.8-flash,main,d1_Lp_c|d1_D12_c,c,d1_Lp_c,d1_D12_c,Alibaba,1,0.7300,0.7779,0.7300,0.7779,0.7539,1,d1_Lp_c,0.9960
qwen3.8-flash,main,d1_Lp_c|d1_D4_c,c,d1_Lp_c,d1_D4_c,Alibaba,1,0.2689,0.4415,0.2689,0.4415,0.3552,1,d1_D4_c,0.9968
qwen3.8-flash,main,d1_Lp_c|d1_S_c,c,d1_Lp_c,d1_S_c,Alibaba,3,0.7772;0.8808;0.6788,0.9241;0.9047;0.9149,0.7772,0.9149,0.8461,1,d1_Lp_c,0.9972
qwen3.8-flash,main,d1_M_a|d1_D12_a,a,d1_M_a,d1_D12_a,Alibaba,1,0.0203,0.1331,0.0203,0.1331,0.0767,1,d1_D12_a,0.9931
qwen3.8-flash,main,d1_M_a|d1_D4_a,a,d1_M_a,d1_D4_a,Alibaba,1,0.0067,0.0180,0.0067,0.0180,0.0123,1,d1_D4_a,0.9987
qwen3.8-flash,main,d1_M_a|d1_Lp_a,a,d1_M_a,d1_Lp_a,Alibaba,3,0.0954;0.0421;0.0534,0.2943;0.2019;0.4689,0.0534,0.2943,0.1739,1,d1_Lp_a,0.9959
qwen3.8-flash,main,d1_M_a|d1_SS_a,a,d1_M_a,d1_SS_a,Alibaba,3,0.7311;0.6511;0.5618,0.4075;0.7775;0.5928,0.6511,0.5928,0.6219,1,d1_M_a,0.9936
qwen3.8-flash,main,d1_M_a|d1_S_a,a,d1_M_a,d1_S_a,Alibaba,3,0.7304;0.5000;0.5000,0.1481;0.2230;0.2232,0.5000,0.2230,,0,,0.9837
qwen3.8-flash,main,d1_M_b|d1_D12_b,b,d1_M_b,d1_D12_b,Alibaba,1,0.0141,0.0260,0.0141,0.0260,0.0200,1,d1_D12_b,0.9985
qwen3.8-flash,main,d1_M_b|d1_D4_b,b,d1_M_b,d1_D4_b,Alibaba,1,0.0041,0.0059,0.0041,0.0059,0.0050,1,d1_D4_b,0.9983
qwen3.8-flash,main,d1_M_b|d1_Lp_b,b,d1_M_b,d1_Lp_b,Alibaba,3,0.0474;0.0421;0.0421,0.0602;0.0331;0.0851,0.0421,0.0602,0.0512,1,d1_Lp_b,0.9968
qwen3.8-flash,main,d1_M_b|d1_SS_b,b,d1_M_b,d1_SS_b,Alibaba,3,0.7774;0.5312;0.6225,0.6514;0.5929;0.6224,0.6225,0.6224,0.6224,1,d1_M_b,0.9945
qwen3.8-flash,main,d1_M_b|d1_S_b,b,d1_M_b,d1_S_b,Alibaba,3,0.0851;0.1331;0.1190,0.6795;0.3487;0.3776,0.1190,0.3776,0.2483,1,d1_S_b,0.9927
qwen3.8-flash,main,d1_M_c|d1_D12_c,c,d1_M_c,d1_D12_c,Alibaba,1,0.0373,0.0260,0.0373,0.0260,0.0316,1,d1_D12_c,0.9978
qwen3.8-flash,main,d1_M_c|d1_D4_c,c,d1_M_c,d1_D4_c,Alibaba,1,0.0124,0.0534,0.0124,0.0534,0.0329,1,d1_D4_c,0.9936
qwen3.8-flash,main,d1_M_c|d1_Lp_c,c,d1_M_c,d1_Lp_c,Alibaba,3,0.0330;0.0763;0.0475,0.1825;0.1067;0.2451,0.0475,0.1825,0.1150,1,d1_Lp_c,0.9972
qwen3.8-flash,main,d1_M_c|d1_SS_c,c,d1_M_c,d1_SS_c,Alibaba,3,0.2941;0.2937;0.4071,0.2449;0.1329;0.2697,0.2941,0.2449,0.2695,1,d1_SS_c,0.9895
qwen3.8-flash,main,d1_M_c|d1_S_c,c,d1_M_c,d1_S_c,Alibaba,3,0.3478;0.4375;0.3198,0.3489;0.1644;0.2229,0.3478,0.2229,0.2854,1,d1_S_c,0.9910
qwen3.8-flash,main,d1_SN_a|d1_D12_a,a,d1_SN_a,d1_D12_a,Alibaba,1,0.0539,0.4688,0.0539,0.4688,0.2614,1,d1_D12_a,0.9968
qwen3.8-flash,main,d1_SN_a|d1_D4_a,a,d1_SN_a,d1_D4_a,Alibaba,1,0.1067,0.5001,0.1067,0.5001,,0,,0.9973
qwen3.8-flash,main,d1_SN_a|d1_Lp_a,a,d1_SN_a,d1_Lp_a,Alibaba,3,0.3202;0.2681;0.1822,0.9526;0.9150;0.9325,0.2681,0.9325,,0,,0.9894
qwen3.8-flash,main,d1_SN_a|d1_M_a,a,d1_SN_a,d1_M_a,Alibaba,3,0.9466;0.9740;0.9526,0.9399;0.9796;0.9325,0.9526,0.9399,0.9462,1,d1_SN_a,0.9976
qwen3.8-flash,main,d1_SN_a|d1_SS_a,a,d1_SN_a,d1_SS_a,Alibaba,3,0.9669;0.8930;0.9574,0.9741;0.9876;0.9924,0.9574,0.9876,0.9725,1,d1_SN_a,0.9970
qwen3.8-flash,main,d1_SN_a|d1_S_a,a,d1_SN_a,d1_S_a,Alibaba,3,0.9924;0.9580;0.9627,0.9627;0.9581;0.9467,0.9627,0.9581,0.9604,1,d1_SN_a,0.9981
qwen3.8-flash,main,d1_SN_a|d1_W_a,a,d1_SN_a,d1_W_a,Alibaba,3,0.9325;0.9627;0.9669,0.9325;0.8675;0.9325,0.9627,0.9325,0.9476,1,d1_SN_a,0.9949
qwen3.8-flash,main,d1_SN_b|d1_D12_b,b,d1_SN_b,d1_D12_b,Alibaba,1,0.3207,0.7058,0.3207,0.7058,,0,,0.9946
qwen3.8-flash,main,d1_SN_b|d1_D4_b,b,d1_SN_b,d1_D4_b,Alibaba,1,0.0952,0.0421,0.0952,0.0421,0.0686,1,d1_D4_b,0.9956
qwen3.8-flash,main,d1_SN_b|d1_Lp_b,b,d1_SN_b,d1_Lp_b,Alibaba,3,0.0953;0.1191;0.1067,0.7983;0.6231;0.7312,0.1067,0.7312,,0,,0.9968
qwen3.8-flash,main,d1_SN_b|d1_M_b,b,d1_SN_b,d1_M_b,Alibaba,3,0.9841;0.9841;0.9876,0.9890;0.9821;0.9841,0.9841,0.9841,0.9841,1,d1_SN_b,0.9983
qwen3.8-flash,main,d1_SN_b|d1_SS_b,b,d1_SN_b,d1_SS_b,Alibaba,3,0.9797;0.9924;0.9903,0.9876;0.9876;0.9841,0.9903,0.9876,0.9889,1,d1_SN_b,0.9967
qwen3.8-flash,main,d1_SN_b|d1_S_b,b,d1_SN_b,d1_S_b,Alibaba,3,0.9628;0.9466;0.9740,0.9467;0.9914;0.9797,0.9628,0.9797,0.9712,1,d1_SN_b,0.9770
qwen3.8-flash,main,d1_SN_b|d1_W_b,b,d1_SN_b,d1_W_b,Alibaba,3,0.2942;0.2018;0.1480,0.6794;0.7983;0.7773,0.2018,0.7773,,0,,0.9882
qwen3.8-flash,main,d1_SN_c|d1_D12_c,c,d1_SN_c,d1_D12_c,Alibaba,1,0.0259,0.1480,0.0259,0.1480,0.0870,1,d1_D12_c,0.9986
qwen3.8-flash,main,d1_SN_c|d1_D4_c,c,d1_SN_c,d1_D4_c,Alibaba,1,0.0230,0.0961,0.0230,0.0961,0.0595,1,d1_D4_c,0.9977
qwen3.8-flash,main,d1_SN_c|d1_Lp_c,c,d1_SN_c,d1_Lp_c,Alibaba,3,0.0533;0.0601;0.0261,0.5321;0.4379;0.3225,0.0533,0.4379,0.2456,1,d1_Lp_c,0.9977
qwen3.8-flash,main,d1_SN_c|d1_M_c,c,d1_SN_c,d1_M_c,Alibaba,3,0.7293;0.8517;0.7773,0.9400;0.9626;0.9399,0.7773,0.9400,0.8587,1,d1_SN_c,0.9846
qwen3.8-flash,main,d1_SN_c|d1_SS_c,c,d1_SN_c,d1_SS_c,Alibaba,3,0.3481;0.4683;0.2942,0.9326;0.9326;0.9326,0.3481,0.9326,,0,,0.9850
qwen3.8-flash,main,d1_SN_c|d1_S_c,c,d1_SN_c,d1_S_c,Alibaba,3,0.2687;0.3767;0.2688,0.9244;0.9151;0.8526,0.2688,0.9151,,0,,0.9962
qwen3.8-flash,main,d1_SN_c|d1_W_c,c,d1_SN_c,d1_W_c,Alibaba,3,0.3483;0.4684;0.4377,0.7556;0.8178;0.8522,0.4377,0.8178,,0,,0.9862
qwen3.8-flash,main,d1_SS_a|d1_D12_a,a,d1_SS_a,d1_D12_a,Alibaba,1,0.0375,0.0534,0.0375,0.0534,0.0454,1,d1_D12_a,0.9972
qwen3.8-flash,main,d1_SS_a|d1_D4_a,a,d1_SS_a,d1_D4_a,Alibaba,1,0.0534,0.0259,0.0534,0.0259,0.0397,1,d1_D4_a,0.9978
qwen3.8-flash,main,d1_SS_a|d1_Lp_a,a,d1_SS_a,d1_Lp_a,Alibaba,3,0.1192;0.0953;0.1192,0.2945;0.3488;0.1644,0.1192,0.2945,0.2068,1,d1_Lp_a,0.9959
qwen3.8-flash,main,d1_SS_a|d1_S_a,a,d1_SS_a,d1_S_a,Alibaba,3,0.5000;0.6514;0.7549,0.1645;0.0850;0.1825,0.6514,0.1645,,0,,0.9865
qwen3.8-flash,main,d1_SS_b|d1_D12_b,b,d1_SS_b,d1_D12_b,Alibaba,1,0.0373,0.0076,0.0373,0.0076,0.0224,1,d1_D12_b,0.9989
qwen3.8-flash,main,d1_SS_b|d1_D4_b,b,d1_SS_b,d1_D4_b,Alibaba,1,0.0052,0.0013,0.0052,0.0013,0.0033,1,d1_D4_b,0.9992
qwen3.8-flash,main,d1_SS_b|d1_Lp_b,b,d1_SS_b,d1_Lp_b,Alibaba,3,0.0141;0.0474;0.0086,0.0474;0.0534;0.0475,0.0141,0.0475,0.0308,1,d1_Lp_b,0.9989
qwen3.8-flash,main,d1_SS_b|d1_S_b,b,d1_SS_b,d1_S_b,Alibaba,3,0.1645;0.2018;0.2018,0.1067;0.0851;0.2451,0.2018,0.1067,0.1542,1,d1_S_b,0.9959
qwen3.8-flash,main,d1_SS_c|d1_D12_c,c,d1_SS_c,d1_D12_c,Alibaba,1,0.0534,0.2707,0.0534,0.2707,0.1620,1,d1_D12_c,0.9894
qwen3.8-flash,main,d1_SS_c|d1_D4_c,c,d1_SS_c,d1_D4_c,Alibaba,1,0.0534,0.0235,0.0534,0.0235,0.0385,1,d1_D4_c,0.9967
qwen3.8-flash,main,d1_SS_c|d1_Lp_c,c,d1_SS_c,d1_Lp_c,Alibaba,3,0.1641;0.0953;0.0758,0.2691;0.1828;0.2018,0.0953,0.2018,0.1486,1,d1_Lp_c,0.9976
qwen3.8-flash,main,d1_SS_c|d1_S_c,c,d1_SS_c,d1_S_c,Alibaba,3,0.7549;0.7982;0.5000,0.2227;0.4378;0.2942,0.7549,0.2942,,0,,0.9802
qwen3.8-flash,main,d1_S_a|d1_D12_a,a,d1_S_a,d1_D12_a,Alibaba,1,0.0046,0.0076,0.0046,0.0076,0.0061,1,d1_D12_a,0.9975
qwen3.8-flash,main,d1_S_a|d1_D4_a,a,d1_S_a,d1_D4_a,Alibaba,1,0.0036,0.0534,0.0036,0.0534,0.0285,1,d1_D4_a,0.9961
qwen3.8-flash,main,d1_S_b|d1_D12_b,b,d1_S_b,d1_D12_b,Alibaba,1,0.0758,0.0141,0.0758,0.0141,0.0449,1,d1_D12_b,0.9964
qwen3.8-flash,main,d1_S_b|d1_D4_b,b,d1_S_b,d1_D4_b,Alibaba,1,0.0041,0.0203,0.0041,0.0203,0.0122,1,d1_D4_b,0.9977
qwen3.8-flash,main,d1_S_c|d1_D12_c,c,d1_S_c,d1_D12_c,Alibaba,1,0.0534,0.0534,0.0534,0.0534,0.0534,1,d1_D12_c,0.9969
qwen3.8-flash,main,d1_S_c|d1_D4_c,c,d1_S_c,d1_D4_c,Alibaba,1,0.0294,0.0346,0.0294,0.0346,0.0320,1,d1_D4_c,0.9936
qwen3.8-flash,main,d1_W_a|d1_D12_a,a,d1_W_a,d1_D12_a,Alibaba,1,0.0373,0.0180,0.0373,0.0180,0.0276,1,d1_D12_a,0.9973
qwen3.8-flash,main,d1_W_a|d1_D4_a,a,d1_W_a,d1_D4_a,Alibaba,1,0.0059,0.0059,0.0059,0.0059,0.0059,1,d1_D4_a,0.9990
qwen3.8-flash,main,d1_W_a|d1_Lp_a,a,d1_W_a,d1_Lp_a,Alibaba,3,0.0758;0.1189;0.0850,0.0758;0.0956;0.1067,0.0850,0.0956,0.0903,1,d1_Lp_a,0.9977
qwen3.8-flash,main,d1_W_a|d1_M_a,a,d1_W_a,d1_M_a,Alibaba,3,0.6791;0.8672;0.7311,0.4688;0.7061;0.5927,0.7311,0.5927,0.6619,1,d1_W_a,0.9963
qwen3.8-flash,main,d1_W_a|d1_SS_a,a,d1_W_a,d1_SS_a,Alibaba,3,0.6499;0.7057;0.4687,0.6513;0.8177;0.7383,0.6499,0.7383,0.6941,1,d1_W_a,0.9934
qwen3.8-flash,main,d1_W_a|d1_S_a,a,d1_W_a,d1_S_a,Alibaba,3,0.2450;0.2226;0.3202,0.2227;0.1645;0.3210,0.2450,0.2227,0.2339,1,d1_S_a,0.9899
qwen3.8-flash,main,d1_W_b|d1_D12_b,b,d1_W_b,d1_D12_b,Alibaba,1,0.2224,0.5927,0.2224,0.5927,,0,,0.9958
qwen3.8-flash,main,d1_W_b|d1_D4_b,b,d1_W_b,d1_D4_b,Alibaba,1,0.0849,0.0331,0.0849,0.0331,0.0590,1,d1_D4_b,0.9943
qwen3.8-flash,main,d1_W_b|d1_Lp_b,b,d1_W_b,d1_Lp_b,Alibaba,3,0.0373;0.0675;0.0759,0.2941;0.5624;0.5622,0.0675,0.5622,,0,,0.9987
qwen3.8-flash,main,d1_W_b|d1_M_b,b,d1_W_b,d1_M_b,Alibaba,3,0.9914;0.9820;0.9820,0.9859;0.9890;0.9876,0.9820,0.9876,0.9848,1,d1_W_b,0.9976
qwen3.8-flash,main,d1_W_b|d1_SS_b,b,d1_W_b,d1_SS_b,Alibaba,3,0.9890;0.9933;0.9954,0.9914;0.9578;0.9769,0.9933,0.9769,0.9851,1,d1_W_b,0.9980
qwen3.8-flash,main,d1_W_b|d1_S_b,b,d1_W_b,d1_S_b,Alibaba,3,0.9627;0.9859;0.9627,0.9400;0.9841;0.9579,0.9627,0.9579,0.9603,1,d1_W_b,0.9940
qwen3.8-flash,main,d1_W_c|d1_D12_c,c,d1_W_c,d1_D12_c,Alibaba,1,0.0260,0.0260,0.0260,0.0260,0.0260,1,d1_D12_c,0.9982
qwen3.8-flash,main,d1_W_c|d1_D4_c,c,d1_W_c,d1_D4_c,Alibaba,1,0.0230,0.0261,0.0230,0.0261,0.0245,1,d1_D4_c,0.9976
qwen3.8-flash,main,d1_W_c|d1_Lp_c,c,d1_W_c,d1_Lp_c,Alibaba,3,0.0957;0.1342;0.0674,0.1484;0.0535;0.0759,0.0957,0.0759,0.0858,1,d1_Lp_c,0.9972
qwen3.8-flash,main,d1_W_c|d1_M_c,c,d1_W_c,d1_M_c,Alibaba,3,0.9149;0.7772;0.8527,0.7987;0.8179;0.8671,0.8527,0.8179,0.8353,1,d1_W_c,0.9922
qwen3.8-flash,main,d1_W_c|d1_SS_c,c,d1_W_c,d1_SS_c,Alibaba,3,0.4376;0.5000;0.6219,0.4385;0.3779;0.4377,0.5000,0.4377,,0,,0.9729
qwen3.8-flash,main,d1_W_c|d1_S_c,c,d1_W_c,d1_S_c,Alibaba,3,0.6225;0.4988;0.3486,0.4076;0.2946;0.4077,0.4988,0.4076,0.4532,1,d1_S_c,0.9897
